<?xml version="1.0" encoding="UTF-8"?>
<svg xmlns="http://www.w3.org/2000/svg" width="710" height="565" viewBox="0 0 710 565" role="img" aria-labelledby="title desc">
<title id="title">InduRadar</title>
<desc id="desc">Vectorización del logotipo PNG proporcionado. Contornos vectoriales; degradados aproximados. No contiene imágenes rasterizadas ni depende de fuentes tipográficas.</desc>
<defs>
    <linearGradient id="radar" gradientUnits="userSpaceOnUse" x1="164" y1="240" x2="530" y2="69">
      <stop offset="0" stop-color="#00285f"/><stop offset=".48" stop-color="#006d98"/><stop offset="1" stop-color="#00c5df"/>
    </linearGradient>
    <linearGradient id="grey" x1="0" y1="0" x2="0" y2="1"><stop stop-color="#626363"/><stop offset="1" stop-color="#666766"/></linearGradient>
    <linearGradient id="navy" x1="0" y1="0" x2="0" y2="1"><stop stop-color="#002760"/><stop offset="1" stop-color="#002f6c"/></linearGradient>
    <radialGradient id="light" gradientUnits="userSpaceOnUse" cx="407" cy="140" r="54"><stop stop-color="#fff" stop-opacity=".62"/><stop offset="1" stop-color="#fff" stop-opacity="0"/></radialGradient>
    </defs>
<rect width="710" height="565" fill="#fff"/>
<g fill-rule="evenodd"><path d="M365.85,414.10 C360.85,415.21 355.32,414.13 349.96,414.48 C348.62,414.56 347.29,414.74 346.02,414.57 C344.96,414.42 343.94,414.03 342.89,413.79 C340.38,413.22 337.71,413.53 334.99,413.55 C333.74,413.55 332.48,413.50 331.48,413.05 C331.03,412.85 330.63,412.56 330.09,412.47 C329.45,412.36 328.59,412.53 327.90,412.48 C325.67,412.34 325.09,410.03 324.59,407.94 C324.03,405.67 323.57,403.67 322.98,401.55 C322.47,399.73 321.87,397.84 321.34,396.03 C321.05,395.02 320.78,394.04 320.50,393.02 C320.23,392.00 319.94,390.94 319.65,389.92 C319.06,387.89 318.41,386.03 317.88,383.83 C317.72,383.17 317.57,382.48 317.24,382.07 C316.97,381.73 316.57,381.58 316.08,381.49 C315.47,381.38 314.71,381.34 314.07,381.22 C313.63,381.14 313.25,381.02 312.85,380.90 C310.72,380.26 308.35,379.62 306.10,379.13 C304.04,378.69 302.08,378.38 300.00,377.49 C298.96,377.04 297.89,376.45 296.94,376.54 C296.06,376.62 295.29,377.28 294.53,377.98 C291.92,380.35 289.50,383.10 287.01,385.57 C284.36,388.20 281.63,390.53 279.00,393.56 C277.69,395.07 276.41,396.75 274.92,397.00 C274.03,397.14 273.07,396.78 272.08,396.40 C271.09,396.02 270.08,395.62 269.10,395.20 C267.33,394.43 265.64,393.56 263.93,392.72 C262.12,391.83 260.28,390.96 258.51,389.98 C256.80,389.04 255.16,388.00 253.48,387.03 C252.00,386.18 250.49,385.38 249.01,384.50 C247.32,383.50 245.68,382.40 244.05,381.32 C242.50,380.30 240.96,379.30 239.40,378.23 C237.77,377.12 236.13,375.93 234.58,374.79 C233.09,373.69 231.69,372.63 230.01,371.43 C229.21,370.86 228.34,370.25 227.95,369.50 C227.48,368.61 227.69,367.54 227.94,366.49 C228.22,365.35 228.56,364.25 228.86,363.13 C229.13,362.11 229.37,361.07 229.61,360.04 C230.11,357.98 230.64,355.93 231.16,353.88 C231.45,352.75 231.73,351.63 232.00,350.50 C232.20,349.68 232.40,348.86 232.60,348.04 C232.85,347.00 233.10,345.97 233.46,344.99 C233.82,344.00 234.28,343.05 234.49,341.98 C234.72,340.81 234.64,339.49 234.00,338.50 C233.50,337.73 232.67,337.15 231.96,336.52 C231.24,335.89 230.64,335.21 230.11,334.46 C229.54,333.65 229.06,332.77 228.46,331.98 C227.35,330.54 225.83,329.45 224.48,328.05 C223.06,326.58 221.83,324.77 220.04,324.45 C218.93,324.25 217.61,324.63 216.44,324.97 C215.28,325.32 214.27,325.63 213.16,325.88 C212.15,326.10 211.05,326.28 209.99,326.48 C208.92,326.69 207.89,326.92 206.86,327.16 C204.92,327.61 203.02,328.09 201.05,328.63 C200.00,328.91 198.94,329.20 197.92,329.38 C196.81,329.56 195.76,329.61 194.55,329.94 C193.33,330.27 191.96,330.90 190.96,330.65 C190.07,330.42 189.48,329.48 188.88,328.57 C187.83,326.97 186.75,325.47 185.74,323.92 C184.68,322.29 183.69,320.61 182.67,318.94 C181.66,317.28 180.61,315.64 179.64,313.96 C178.66,312.29 177.76,310.58 176.76,308.90 C175.76,307.23 174.68,305.60 173.81,303.88 C173.00,302.27 172.39,300.59 171.66,298.95 C170.84,297.11 169.87,295.32 169.07,293.47 C168.28,291.63 167.65,289.71 166.77,287.90 C166.32,286.95 165.79,286.03 165.40,285.03 C165.06,284.16 164.82,283.24 165.00,282.43 C165.19,281.57 165.83,280.83 166.58,280.18 C167.31,279.54 168.14,278.97 168.93,278.36 C171.86,276.09 174.27,273.15 176.95,270.46 C179.47,267.93 182.22,265.62 184.42,262.98 C185.05,262.22 185.64,261.43 185.29,260.53 C185.10,260.03 184.63,259.51 184.41,258.98 C184.14,258.35 184.23,257.71 184.18,257.10 C184.10,256.07 183.63,255.10 183.33,254.07 C183.03,253.04 182.90,251.95 182.67,250.92 C182.20,248.75 181.31,246.82 180.98,244.50 C180.81,243.29 180.80,241.96 180.20,241.13 C179.70,240.46 178.82,240.11 177.92,239.79 C175.92,239.07 173.89,238.46 171.88,237.81 C169.88,237.16 167.91,236.47 165.90,235.79 C163.90,235.12 161.86,234.46 159.90,233.80 C158.91,233.47 157.95,233.14 156.90,232.83 C156.06,232.58 155.17,232.34 154.50,231.88 C152.80,230.73 152.53,228.20 152.48,225.94 C152.44,224.59 152.49,223.34 152.24,222.12 C152.03,221.10 151.60,220.10 151.44,219.02 C151.24,217.73 151.40,216.34 151.52,214.97 C151.61,213.80 151.67,212.66 152.40,212.03 C153.19,211.35 154.77,211.28 156.09,211.36 C157.52,211.44 158.63,211.70 159.84,211.92 C162.05,212.33 164.57,212.59 166.99,212.59 C168.31,212.59 169.60,212.51 171.02,212.43 C172.31,212.35 173.72,212.26 174.25,213.07 C174.79,213.89 174.44,215.62 174.99,216.55 C175.49,217.41 176.75,217.59 177.88,217.83 C179.79,218.25 181.31,218.87 182.96,219.52 C184.89,220.28 186.98,221.09 188.93,221.81 C190.89,222.52 192.71,223.15 194.92,223.77 C195.91,224.05 196.99,224.34 197.58,225.00 C198.24,225.73 198.29,226.93 198.48,228.02 C198.68,229.09 199.02,230.06 199.20,231.10 C199.42,232.34 199.41,233.70 199.62,234.96 C199.80,236.02 200.13,237.02 200.40,238.03 C200.68,239.05 200.90,240.09 201.14,241.13 C201.68,243.39 202.33,245.61 202.86,247.87 C203.35,249.93 203.74,252.03 204.46,254.01 C205.08,255.70 205.94,257.31 206.53,258.99 C206.88,259.97 207.14,260.98 207.47,262.00 C207.80,263.01 208.21,264.03 208.56,265.02 C208.87,265.89 209.14,266.72 208.87,267.47 C208.61,268.20 207.84,268.85 207.10,269.51 C204.17,272.11 201.67,274.86 199.03,277.52 C196.39,280.18 193.60,282.74 190.98,285.53 C190.26,286.30 189.56,287.08 189.49,287.95 C189.42,288.89 190.11,289.94 190.69,290.94 C191.62,292.53 192.27,293.98 192.99,295.49 C193.84,297.27 194.80,299.13 195.73,300.94 C196.61,302.66 197.47,304.33 198.23,306.09 C198.44,306.57 198.64,307.05 199.04,307.33 C199.54,307.67 200.34,307.71 201.03,307.63 C202.21,307.51 203.09,307.05 204.09,306.79 C205.29,306.49 206.65,306.45 207.90,306.20 C208.95,305.99 209.93,305.63 210.94,305.35 C211.96,305.07 213.00,304.86 214.06,304.66 C215.21,304.45 216.37,304.24 217.51,304.01 C218.65,303.79 219.77,303.55 220.88,303.17 C221.89,302.83 222.89,302.38 223.98,302.44 C224.62,302.48 225.30,302.69 225.93,302.41 C226.36,302.21 226.77,301.78 227.16,301.61 C228.03,301.21 228.78,302.13 229.43,303.00 C230.52,304.46 231.34,305.76 232.46,307.00 C233.67,308.36 235.24,309.65 236.52,311.01 C237.85,312.44 238.88,313.95 240.08,315.43 C242.39,318.27 245.33,320.99 248.12,323.35 C249.58,324.58 250.99,325.71 252.47,326.98 C253.89,328.20 255.38,329.56 256.47,331.05 C257.12,331.95 257.63,332.89 257.65,333.93 C257.67,334.96 257.22,336.08 256.86,337.15 C256.19,339.16 255.86,340.97 255.28,342.88 C254.97,343.89 254.59,344.92 254.32,345.96 C254.05,346.99 253.89,348.03 253.66,349.05 C253.20,351.10 252.42,353.11 251.83,355.12 C251.51,356.23 251.25,357.34 250.96,358.50 C250.70,359.56 250.42,360.66 250.93,361.46 C251.40,362.19 252.54,362.67 253.47,363.16 C254.41,363.65 255.15,364.15 255.94,364.66 C257.51,365.66 259.30,366.72 260.98,367.69 C262.66,368.66 264.23,369.54 265.92,370.70 C266.76,371.27 267.63,371.90 268.52,372.17 C269.50,372.46 270.51,372.29 271.42,371.84 C272.76,371.16 273.88,369.83 275.02,368.56 C277.62,365.67 280.32,363.11 283.01,360.54 C284.36,359.26 285.70,357.98 287.00,356.49 C288.29,355.02 289.54,353.34 291.08,352.96 C292.00,352.73 293.02,352.96 294.01,353.36 C294.99,353.76 295.94,354.32 296.92,354.76 C298.87,355.62 300.94,355.97 302.89,356.79 C303.77,357.16 304.62,357.63 305.52,357.97 C306.60,358.38 307.74,358.59 308.86,358.87 C310.61,359.30 312.33,359.88 314.05,360.39 C316.16,361.02 318.28,361.55 320.51,361.97 C321.67,362.19 322.87,362.39 323.97,362.66 C324.98,362.92 325.91,363.24 326.98,363.38 C329.33,363.70 332.37,363.13 333.81,364.67 C334.46,365.36 334.78,366.48 335.05,367.51 C335.26,368.35 335.45,369.12 335.62,369.94 C335.85,370.96 336.06,372.05 336.33,373.08 C336.61,374.10 336.96,375.07 337.27,376.07 C337.92,378.16 338.40,380.41 338.98,382.53 C339.56,384.65 340.23,386.64 340.72,388.93 C340.96,390.02 341.16,391.18 341.75,391.99 C342.11,392.48 342.61,392.85 343.17,393.11 C345.34,394.10 348.29,393.53 351.04,393.42 C353.78,393.30 356.32,393.65 358.95,393.56 C360.26,393.51 361.60,393.35 363.08,393.50 C363.82,393.57 364.59,393.72 364.98,393.40 C365.30,393.14 365.36,392.55 365.48,392.01 C365.73,390.91 366.23,390.01 366.57,389.03 C366.91,388.05 367.09,386.98 367.34,385.94 C367.84,383.87 368.60,381.92 369.16,379.88 C369.46,378.76 369.70,377.62 370.00,376.50 C370.27,375.48 370.59,374.48 370.98,373.49 C371.36,372.51 371.81,371.55 372.06,370.52 C372.34,369.39 372.39,368.19 372.74,367.08 C373.24,365.47 374.38,364.06 376.02,363.67 C377.24,363.39 378.74,363.67 380.04,363.55 C381.14,363.45 382.08,363.07 383.10,362.82 C384.32,362.53 385.64,362.42 386.89,362.18 C387.94,361.97 388.94,361.66 389.96,361.39 C391.99,360.83 394.09,360.40 396.12,359.81 C398.14,359.21 400.08,358.46 402.09,357.78 C404.09,357.10 406.15,356.49 408.12,355.81 C410.10,355.13 411.97,354.38 414.01,353.45 C415.03,352.99 416.08,352.48 416.96,352.77 C417.69,353.00 418.30,353.79 418.96,354.50 C420.13,355.75 421.47,356.75 422.55,357.95 C423.84,359.38 424.75,361.09 426.00,362.53 C427.20,363.92 428.71,365.05 430.05,366.43 C431.38,367.80 432.53,369.42 433.98,370.56 C435.62,371.86 437.64,372.54 439.50,372.09 C441.27,371.65 442.89,370.18 444.57,369.06 C446.25,367.95 447.98,367.18 449.60,366.22 C451.22,365.25 452.73,364.09 454.62,363.12 C455.57,362.63 456.61,362.20 456.98,361.49 C457.27,360.95 457.15,360.24 457.02,359.52 C456.80,358.39 456.53,357.22 456.18,356.10 C455.87,355.09 455.50,354.11 455.18,353.11 C454.55,351.11 454.16,349.00 453.65,346.94 C453.13,344.89 452.49,342.90 451.81,340.89 C451.47,339.89 451.12,338.88 450.82,337.88 C450.50,336.78 450.23,335.69 449.96,334.51 C449.71,333.43 449.46,332.28 449.96,331.52 C450.42,330.82 451.51,330.45 452.42,329.90 C454.10,328.88 455.17,327.25 456.49,326.00 C457.87,324.69 459.51,323.80 461.02,322.55 C462.28,321.50 463.44,320.20 464.55,318.99 C465.81,317.60 467.01,316.32 468.20,314.92 C469.44,313.45 470.67,311.83 471.97,310.43 C473.28,309.03 474.67,307.84 475.86,306.22 C477.00,304.67 477.95,302.74 479.46,302.08 C480.36,301.68 481.46,301.74 482.52,301.91 C483.68,302.10 484.81,302.44 485.94,302.70 C486.97,302.94 488.01,303.11 489.04,303.36 C490.07,303.60 491.10,303.91 492.13,304.16 C494.40,304.69 496.72,304.90 498.98,305.56 C500.01,305.87 501.03,306.26 502.04,306.42 C502.95,306.56 503.85,306.51 504.84,306.76 C505.95,307.04 507.16,307.69 508.00,307.39 C508.77,307.12 509.23,306.05 509.69,305.09 C510.59,303.16 511.48,301.65 512.47,300.02 C513.46,298.40 514.56,296.67 515.35,294.93 C515.78,293.97 516.12,293.01 516.65,292.07 C517.13,291.23 517.76,290.40 518.10,289.51 C518.49,288.51 518.52,287.43 518.01,286.53 C517.58,285.77 516.77,285.13 516.03,284.49 C514.54,283.19 513.31,281.84 512.01,280.50 C509.58,277.99 506.93,275.50 504.49,273.00 C503.19,271.67 501.94,270.34 500.46,269.00 C499.73,268.34 498.93,267.67 498.74,266.93 C498.52,266.05 499.16,265.06 499.67,264.08 C500.68,262.10 501.17,260.12 501.78,258.11 C502.39,256.11 503.12,254.09 503.83,252.10 C504.18,251.11 504.52,250.13 504.82,249.12 C505.12,248.11 505.37,247.08 505.54,246.02 C505.72,244.95 505.80,243.86 506.07,242.84 C506.37,241.73 506.89,240.71 507.11,239.55 C507.33,238.39 507.24,237.09 507.44,235.95 C507.63,234.91 508.06,234.01 508.26,232.96 C508.66,230.88 508.13,228.24 508.93,226.45 C509.33,225.56 510.06,224.88 510.96,224.42 C511.87,223.97 512.94,223.74 513.99,223.47 C516.08,222.94 518.03,222.25 519.99,221.49 C521.94,220.72 523.91,219.87 525.89,219.18 C527.88,218.49 529.88,217.96 531.92,217.20 C532.34,217.04 532.77,216.87 533.06,216.59 C533.41,216.24 533.56,215.73 533.55,215.07 C533.54,214.29 533.30,213.31 533.58,212.88 C533.81,212.53 534.39,212.56 534.97,212.57 C537.76,212.65 540.35,212.46 542.87,212.12 C545.19,211.80 547.44,211.36 549.96,211.36 C551.32,211.37 552.77,211.50 554.08,211.55 C554.94,211.58 555.75,211.57 556.20,212.05 C556.89,212.78 556.77,214.64 556.60,216.10 C556.44,217.57 556.24,218.65 556.07,219.84 C555.75,222.03 555.52,224.60 555.27,226.96 C555.16,228.04 555.04,229.07 554.66,230.06 C554.32,230.96 553.77,231.81 552.97,232.30 C552.09,232.82 550.91,232.90 549.86,233.15 C548.80,233.40 547.87,233.84 546.90,234.21 C544.96,234.96 542.86,235.48 540.88,236.18 C539.89,236.54 538.94,236.94 537.91,237.21 C536.78,237.50 535.56,237.64 534.47,237.96 C533.47,238.26 532.58,238.71 531.53,239.01 C530.48,239.32 529.28,239.49 528.51,240.08 C527.17,241.09 527.08,243.32 526.66,245.12 C526.41,246.17 526.05,247.08 525.80,248.08 C525.53,249.18 525.40,250.39 525.05,251.52 C524.73,252.55 524.22,253.51 523.94,254.50 C523.63,255.58 523.60,256.70 523.23,257.86 C522.89,258.93 522.26,260.03 522.38,261.02 C522.49,261.93 523.23,262.74 523.98,263.51 C525.33,264.91 526.68,266.17 528.01,267.48 C529.34,268.80 530.64,270.18 531.99,271.51 C533.33,272.85 534.72,274.15 536.02,275.49 C537.32,276.83 538.52,278.21 540.02,279.49 C540.77,280.14 541.60,280.75 542.01,281.52 C542.40,282.24 542.41,283.09 542.26,283.91 C541.91,285.87 540.68,287.62 540.01,289.52 C539.66,290.52 539.47,291.55 539.04,292.51 C538.66,293.38 538.09,294.19 537.62,295.03 C536.59,296.91 536.07,298.98 535.23,300.91 C534.47,302.67 533.45,304.31 532.49,305.99 C531.53,307.67 530.63,309.39 529.70,311.08 C528.77,312.77 527.82,314.43 526.85,316.12 C525.87,317.82 524.87,319.56 523.78,321.14 C522.81,322.54 521.77,323.83 520.86,325.38 C519.87,327.05 519.04,329.04 517.49,329.91 C516.52,330.45 515.27,330.56 514.11,330.32 C513.05,330.11 512.06,329.61 511.05,329.30 C510.04,328.99 509.00,328.87 507.95,328.69 C506.79,328.51 505.63,328.26 504.49,328.00 C502.31,327.50 500.23,326.95 498.05,326.37 C497.01,326.09 495.95,325.80 494.92,325.63 C493.80,325.44 492.73,325.38 491.54,325.06 C490.35,324.73 489.04,324.13 487.96,324.35 C487.06,324.53 486.32,325.28 485.55,326.01 C484.15,327.34 482.65,328.59 481.46,329.98 C480.36,331.26 479.52,332.65 478.44,333.96 C477.26,335.38 475.79,336.71 474.46,337.99 C473.81,338.62 473.19,339.24 473.00,339.98 C472.78,340.87 473.18,341.92 473.54,342.95 C474.28,345.03 474.88,347.00 475.40,349.03 C475.95,351.16 476.41,353.35 476.97,355.51 C477.53,357.67 478.20,359.81 478.75,361.90 C479.01,362.90 479.25,363.89 479.61,364.93 C479.97,365.98 480.45,367.08 480.39,368.06 C480.29,369.80 478.52,371.18 476.93,372.42 C475.55,373.50 474.30,374.47 472.98,375.42 C471.41,376.56 469.73,377.67 468.09,378.77 C466.53,379.83 465.01,380.87 463.45,381.89 C461.82,382.96 460.16,384.00 458.50,385.02 C456.85,386.04 455.20,387.05 453.49,387.97 C451.71,388.93 449.86,389.81 448.11,390.80 C446.43,391.75 444.85,392.81 443.11,393.80 C442.25,394.28 441.35,394.75 440.47,395.01 C439.49,395.30 438.54,395.33 437.54,395.90 C436.63,396.41 435.70,397.35 434.82,397.53 C434.05,397.68 433.33,397.24 432.63,396.75 C429.68,394.66 427.14,391.71 424.51,388.96 C421.89,386.22 419.17,383.68 416.46,381.07 C415.72,380.35 414.98,379.63 414.15,379.13 C413.41,378.67 412.59,378.40 411.94,377.61 C411.62,377.21 411.33,376.70 410.98,376.54 C410.56,376.34 410.03,376.68 409.51,376.93 C408.37,377.49 407.24,377.65 406.13,377.89 C404.09,378.34 402.09,379.05 400.05,379.65 C398.22,380.19 396.36,380.62 394.49,380.96 C393.35,381.17 392.21,381.34 391.11,381.82 C390.28,382.19 389.48,382.73 389.02,383.47 C388.41,384.44 388.39,385.73 388.19,386.91 C388.00,387.98 387.67,388.95 387.38,389.95 C386.80,391.96 386.37,394.09 385.86,396.14 C385.38,398.08 384.82,399.95 384.38,401.95 C384.14,403.01 383.94,404.11 383.65,405.08 C383.35,406.06 382.95,406.91 382.79,408.04 C382.60,409.27 382.69,410.83 382.00,411.59 C381.37,412.29 380.08,412.31 378.97,412.48 C377.87,412.66 376.93,412.98 375.91,413.20 C374.69,413.45 373.34,413.55 372.00,413.54 C370.66,413.53 369.33,413.43 368.06,413.61 C367.31,413.72 366.59,413.93 365.85,414.10 Z M23.61,558.99 C22.19,560.30 18.82,559.53 15.95,559.37 C13.43,559.24 11.30,559.57 8.89,559.72 C7.52,559.80 6.05,559.83 5.11,559.32 C4.26,558.87 3.85,557.97 3.60,556.95 C3.13,554.98 3.25,552.54 3.35,550.13 C3.73,540.14 3.52,530.65 3.47,521.02 C3.42,511.07 3.53,500.97 3.53,490.98 C3.52,485.98 3.49,481.01 3.49,476.04 C3.49,473.72 3.49,471.40 3.42,468.93 C3.36,466.59 3.23,464.11 4.41,463.03 C5.84,461.73 9.17,462.45 12.04,462.61 C14.55,462.74 16.70,462.44 19.12,462.29 C20.49,462.21 21.96,462.18 22.89,462.68 C23.74,463.13 24.15,464.03 24.40,465.05 C24.87,467.02 24.75,469.46 24.65,471.87 C24.27,481.86 24.48,491.36 24.53,500.98 C24.58,510.93 24.46,521.02 24.47,531.03 C24.48,536.03 24.52,541.01 24.51,545.96 C24.50,548.27 24.49,550.58 24.56,553.05 C24.64,555.41 24.79,557.91 23.61,558.99 Z M171.91,560.07 C168.14,560.62 163.88,560.90 159.98,560.51 C156.61,560.17 153.50,559.32 150.49,558.06 C147.84,556.95 145.26,555.53 142.87,553.78 C140.59,552.12 138.47,550.17 136.75,547.95 C134.88,545.53 133.48,542.80 132.26,540.07 C130.96,537.17 129.85,534.26 129.53,531.01 C129.35,529.17 129.42,527.22 129.04,525.45 C128.87,524.61 128.59,523.81 128.57,523.00 C128.55,522.20 128.78,521.38 128.96,520.54 C129.35,518.76 129.48,516.85 129.82,515.08 C130.13,513.51 130.60,512.05 131.15,510.58 C133.12,505.30 136.09,499.96 140.48,496.07 C142.70,494.09 145.30,492.48 147.93,491.21 C150.80,489.83 153.72,488.84 156.87,488.20 C160.42,487.49 164.28,487.24 167.92,487.66 C169.63,487.86 171.30,488.21 172.94,488.68 C174.39,489.10 175.81,489.60 177.15,490.11 C178.51,490.63 179.78,491.15 181.10,492.14 C181.77,492.63 182.44,493.24 183.08,493.80 C183.66,494.30 184.21,494.75 184.61,494.82 C185.55,494.99 185.57,492.96 185.56,491.09 C185.55,489.29 185.52,487.65 185.50,485.99 C185.46,482.01 185.49,477.95 185.52,474.01 C185.53,472.04 185.55,470.10 185.45,467.98 C185.36,465.98 185.17,463.81 186.24,462.90 C187.37,461.94 189.94,462.39 192.09,462.53 C194.24,462.66 195.98,462.48 197.86,462.53 C198.79,462.56 199.76,462.65 200.96,462.51 C202.16,462.37 203.59,462.00 204.53,462.11 C206.30,462.31 206.35,464.17 206.38,466.04 C206.68,481.93 206.46,498.01 206.47,514.01 C206.48,522.01 206.55,529.99 206.51,537.99 C206.49,541.99 206.45,546.00 206.50,550.00 C206.52,552.00 206.57,554.01 206.58,556.09 C206.59,557.13 206.59,558.19 206.13,558.78 C205.73,559.30 204.96,559.46 204.12,559.55 C202.22,559.75 199.93,559.60 197.92,559.48 C195.91,559.36 194.18,559.27 192.04,559.50 C190.04,559.71 187.67,560.21 186.85,558.86 C185.98,557.43 186.87,553.91 186.19,553.32 C185.73,552.93 184.56,553.86 183.45,554.72 C182.24,555.67 181.11,556.52 179.90,557.27 C178.62,558.07 177.26,558.76 175.87,559.22 C174.59,559.64 173.28,559.87 171.91,560.07 Z M114.76,559.04 C113.48,560.21 110.31,559.65 107.85,559.44 C105.39,559.24 103.64,559.37 101.08,559.61 C99.62,559.74 97.89,559.91 96.89,559.47 C96.23,559.17 95.88,558.60 95.66,557.91 C95.16,556.35 95.34,554.14 95.44,552.03 C95.67,547.47 95.56,543.36 95.47,539.05 C95.43,536.93 95.39,534.77 94.93,532.80 C94.72,531.87 94.41,530.98 94.52,530.08 C94.61,529.37 94.96,528.65 95.19,527.91 C95.87,525.70 95.50,523.30 95.24,521.06 C95.04,519.34 94.90,517.71 94.50,516.07 C93.76,513.01 92.11,509.91 89.60,507.97 C86.73,505.75 82.74,505.05 79.03,505.47 C75.63,505.85 72.45,507.18 69.92,509.42 C67.59,511.47 65.80,514.30 64.86,517.19 C64.24,519.10 63.98,521.04 63.82,523.08 C63.68,525.01 63.62,527.03 63.57,529.03 C63.37,537.72 63.42,546.13 63.63,555.13 C63.66,556.52 63.70,557.92 63.08,558.73 C62.67,559.26 61.98,559.53 61.14,559.62 C60.18,559.72 59.04,559.58 57.99,559.51 C56.93,559.44 55.95,559.45 54.98,559.46 C52.70,559.48 50.41,559.51 47.96,559.58 C45.98,559.63 43.91,559.71 42.96,558.69 C41.78,557.43 42.34,554.48 42.53,551.94 C42.70,549.77 42.61,547.89 42.55,545.96 C42.42,541.78 42.45,537.38 42.48,533.01 C42.53,523.93 42.56,515.02 42.48,506.02 C42.44,501.69 42.37,497.33 42.56,492.94 C42.64,490.89 42.79,488.84 44.67,488.42 C45.60,488.21 46.96,488.40 48.08,488.48 C49.20,488.56 50.08,488.53 51.01,488.52 C53.20,488.49 55.71,488.57 58.10,488.47 C60.03,488.40 61.89,488.21 62.48,489.74 C63.22,491.65 61.99,496.20 62.77,496.74 C63.22,497.05 64.34,496.02 65.44,495.10 C68.13,492.85 70.68,491.25 73.50,490.07 C76.75,488.71 80.36,487.90 84.07,487.61 C88.10,487.29 92.24,487.59 95.94,488.72 C98.99,489.66 101.74,491.16 104.40,493.15 C106.80,494.96 109.13,497.16 110.83,499.60 C112.82,502.45 113.96,505.62 114.65,508.95 C116.29,516.80 115.41,525.57 115.40,534.04 C115.39,538.39 115.61,542.65 115.56,546.96 C115.53,549.28 115.42,551.61 115.51,554.07 C115.58,556.05 115.79,558.10 114.76,559.04 Z M260.90,560.10 C256.52,560.78 251.50,560.89 247.09,560.12 C243.79,559.55 240.83,558.49 237.99,556.72 C235.41,555.11 232.93,552.91 230.93,550.54 C228.76,547.97 227.16,545.19 226.09,542.16 C225.50,540.47 225.07,538.70 224.84,536.87 C224.59,534.95 224.56,532.98 224.53,530.99 C224.46,526.69 224.39,522.36 224.48,518.00 C224.57,513.64 224.82,509.25 224.21,505.09 C223.91,503.06 223.41,501.08 223.75,499.13 C224.03,497.49 224.91,495.86 224.71,494.03 C224.57,492.76 223.91,491.39 223.98,490.39 C224.01,489.86 224.24,489.43 224.61,489.12 C225.88,488.05 228.78,488.34 231.12,488.49 C233.58,488.64 235.42,488.63 237.88,488.48 C240.00,488.35 242.56,488.12 243.90,488.85 C244.49,489.17 244.84,489.68 245.07,490.38 C245.18,490.71 245.27,491.08 245.35,491.47 C245.40,491.69 245.44,491.91 245.48,492.14 C245.77,494.02 245.29,495.92 244.99,497.83 C244.38,501.78 244.55,505.83 244.52,509.97 C244.49,514.33 244.24,518.79 244.60,522.97 C244.77,525.02 245.09,527.01 245.37,529.03 C245.61,530.74 245.82,532.47 246.37,534.08 C247.38,537.06 249.56,539.60 252.43,541.05 C254.17,541.93 256.16,542.40 258.08,542.48 C259.79,542.55 261.43,542.30 263.08,541.86 C266.43,540.96 269.76,539.25 271.87,536.49 C272.91,535.13 273.66,533.51 274.20,531.88 C274.73,530.25 275.06,528.61 275.27,526.91 C275.77,522.79 275.54,518.36 275.48,513.99 C275.41,509.62 275.51,505.32 275.54,501.02 C275.55,498.71 275.54,496.39 275.43,493.94 C275.35,491.97 275.19,489.91 276.25,488.96 C277.56,487.79 280.74,488.31 283.16,488.54 C285.24,488.74 286.77,488.72 288.84,488.53 C291.26,488.30 294.42,487.82 295.74,488.99 C296.80,489.93 296.67,491.94 296.59,493.90 C296.40,498.43 296.46,502.71 296.49,507.01 C296.56,515.95 296.47,525.01 296.49,534.01 C296.50,538.35 296.53,542.67 296.50,546.98 C296.48,549.30 296.44,551.61 296.55,554.06 C296.63,556.03 296.81,558.08 295.76,559.03 C294.45,560.22 291.25,559.70 288.83,559.46 C286.76,559.25 285.26,559.24 283.16,559.47 C280.83,559.73 277.75,560.28 276.82,558.80 C275.98,557.46 276.89,554.46 276.47,552.94 C276.27,552.20 275.75,551.82 275.10,552.28 C274.62,552.61 274.08,553.39 273.54,554.01 C272.40,555.35 271.30,556.01 270.09,556.70 C268.65,557.52 267.05,558.38 265.46,558.98 C263.97,559.53 262.47,559.85 260.90,560.10 Z M171.50,543.13 C172.90,542.91 174.30,542.56 175.53,541.97 C176.59,541.46 177.51,540.77 178.46,539.99 C180.06,538.68 181.72,537.10 182.90,535.41 C184.26,533.44 184.96,531.31 185.32,528.97 C185.75,526.11 185.67,522.93 185.40,520.00 C185.26,518.58 185.08,517.22 184.60,515.97 C184.18,514.89 183.54,513.91 182.83,512.90 C181.60,511.14 180.17,509.33 178.47,508.07 C176.57,506.67 174.32,505.94 172.00,505.43 C171.16,505.24 170.32,505.09 169.49,504.91 C168.97,504.80 168.45,504.68 167.95,504.65 C166.94,504.59 165.95,504.90 164.91,505.13 C163.55,505.44 162.10,505.64 160.82,506.10 C159.63,506.54 158.59,507.21 157.55,508.02 C155.93,509.28 154.29,510.89 153.08,512.59 C151.68,514.55 150.87,516.63 150.54,518.98 C150.14,521.83 150.45,525.08 150.59,528.05 C150.67,529.48 150.70,530.85 151.14,532.11 C151.55,533.27 152.32,534.34 153.15,535.40 C154.45,537.06 155.91,538.67 157.49,540.00 C158.43,540.79 159.40,541.48 160.49,541.98 C161.54,542.47 162.70,542.78 163.86,543.00 C166.39,543.48 168.93,543.54 171.50,543.13 Z" fill="url(#grey)"/>
<path d="M365.86,347.11 C359.52,348.03 352.61,347.32 345.97,347.46 C344.31,347.50 342.67,347.59 341.07,347.39 C339.68,347.22 338.32,346.84 336.97,346.53 C335.62,346.23 334.27,346.01 332.88,345.86 C331.28,345.68 329.63,345.60 328.06,345.32 C326.69,345.09 325.38,344.71 324.04,344.38 C322.71,344.05 321.36,343.77 320.03,343.42 C317.47,342.74 315.00,341.82 312.51,340.98 C310.01,340.14 307.48,339.38 304.99,338.53 C302.79,337.79 300.62,336.98 298.50,336.02 C296.27,335.01 294.10,333.84 291.93,332.71 C289.73,331.57 287.53,330.47 285.39,329.21 C283.26,327.96 281.21,326.54 279.10,325.23 C278.09,324.60 277.06,323.99 276.04,323.35 C275.03,322.73 274.04,322.07 273.07,321.37 C271.17,319.99 269.38,318.41 267.54,316.92 C265.70,315.43 263.82,314.02 262.03,312.44 C258.73,309.55 255.71,306.11 252.51,302.96 C250.83,301.31 249.11,299.75 247.72,297.94 C246.97,296.97 246.32,295.93 245.53,294.98 C244.79,294.09 243.92,293.28 243.17,292.41 C241.55,290.56 240.44,288.44 239.16,286.42 C237.87,284.39 236.41,282.46 235.14,280.43 C233.82,278.34 232.71,276.15 231.51,273.99 C230.31,271.84 229.03,269.73 227.96,267.52 C226.86,265.23 226.00,262.83 225.03,260.49 C224.14,258.34 223.15,256.23 222.28,254.08 C221.33,251.73 220.51,249.33 219.86,246.87 C219.50,245.55 219.19,244.21 218.85,242.88 C218.50,241.55 218.12,240.23 217.84,238.88 C217.53,237.43 217.34,235.94 217.03,234.49 C216.73,233.04 216.32,231.61 216.07,230.15 C215.83,228.79 215.72,227.39 215.53,226.01 C215.36,224.84 215.12,223.68 214.95,222.51 C214.00,216.24 214.67,209.59 214.54,202.98 C214.48,199.62 214.21,196.27 214.70,193.09 C214.91,191.71 215.27,190.36 215.45,188.97 C215.61,187.69 215.63,186.38 215.81,185.12 C216.01,183.74 216.41,182.42 216.72,181.08 C217.03,179.73 217.23,178.36 217.48,176.99 C217.72,175.63 218.01,174.28 218.35,172.94 C218.69,171.61 219.08,170.30 219.50,169.00 C220.30,166.49 221.17,164.00 222.01,161.50 C222.84,159.00 223.64,156.48 224.61,154.04 C225.55,151.68 226.65,149.39 227.73,147.08 C228.76,144.87 229.78,142.63 230.96,140.48 C232.14,138.31 233.47,136.21 234.75,134.10 C235.87,132.25 236.95,130.38 238.14,128.57 C239.42,126.64 240.83,124.77 242.20,122.88 C243.63,120.92 245.02,118.94 246.63,117.05 C248.16,115.24 249.90,113.51 251.26,111.83 C252.02,110.89 252.66,109.97 253.51,109.04 C254.26,108.22 255.16,107.40 256.02,106.54 C257.72,104.82 259.22,102.96 261.02,101.58 C261.98,100.83 263.03,100.22 263.98,99.44 C264.87,98.71 265.67,97.83 266.52,97.04 C268.28,95.42 270.24,94.19 272.13,92.82 C273.91,91.52 275.61,90.08 277.42,88.85 C279.41,87.49 281.53,86.38 283.59,85.18 C284.70,84.54 285.79,83.87 286.87,83.18 C287.88,82.53 288.89,81.87 289.93,81.29 C292.17,80.07 294.59,79.28 296.92,78.27 C299.25,77.26 301.50,76.04 303.85,75.07 C304.92,74.63 306.02,74.23 307.12,73.84 C308.41,73.39 309.70,72.94 311.03,72.58 C312.35,72.22 313.71,71.96 315.02,71.55 C316.33,71.15 317.58,70.60 318.88,70.17 C320.18,69.74 321.53,69.43 322.87,69.14 C324.22,68.85 325.57,68.58 326.93,68.30 C328.28,68.03 329.64,67.76 331.02,67.55 C332.18,67.37 333.35,67.24 334.50,67.02 C335.96,66.74 337.39,66.30 338.96,66.38 C339.97,66.43 341.04,66.69 341.99,66.52 C342.52,66.42 343.01,66.19 343.52,66.01 C346.44,64.96 349.71,65.56 352.99,65.59 C356.38,65.63 359.78,65.06 362.91,65.67 C364.28,65.93 365.59,66.42 367.01,66.52 C368.32,66.61 369.71,66.38 371.00,66.47 C372.41,66.57 373.70,67.06 375.06,67.34 C376.51,67.65 378.04,67.72 379.52,67.95 C380.99,68.18 382.41,68.57 383.86,68.89 C385.21,69.19 386.57,69.43 387.89,69.81 C389.11,70.16 390.29,70.63 391.50,71.00 C392.81,71.40 394.17,71.67 395.49,72.02 C397.75,72.61 399.92,73.41 402.06,74.33 C403.23,74.83 404.38,75.37 405.54,75.90 C406.69,76.42 407.85,76.93 409.02,77.41 C411.37,78.37 413.80,79.19 416.03,80.39 C417.08,80.95 418.08,81.59 419.12,82.18 C420.23,82.82 421.38,83.41 422.50,84.03 C424.67,85.21 426.74,86.50 428.83,87.87 C430.77,89.15 432.73,90.51 434.59,91.88 C436.45,93.25 438.21,94.62 440.08,96.38 C441.04,97.29 442.03,98.29 443.04,98.34 C444.06,98.39 445.11,97.46 446.05,96.54 C446.92,95.69 447.69,94.85 448.49,94.00 C449.13,93.32 449.79,92.64 450.46,91.97 C452.15,90.31 453.96,88.76 455.50,87.00 C456.34,86.06 457.09,85.05 457.82,84.13 C458.22,83.62 458.61,83.15 459.04,82.71 C459.38,82.37 459.74,82.05 460.09,81.71 C461.68,80.18 463.14,78.19 464.93,76.45 C466.65,74.77 468.68,73.32 469.86,71.45 C470.25,70.83 470.55,70.17 470.18,69.54 C469.96,69.16 469.49,68.79 469.07,68.45 C468.03,67.59 467.29,66.85 466.44,66.15 C465.53,65.40 464.50,64.68 463.50,63.98 C462.50,63.28 461.53,62.59 460.55,61.90 C458.67,60.56 456.76,59.18 454.87,57.83 C453.08,56.54 451.29,55.27 449.46,54.08 C447.38,52.73 445.24,51.48 443.09,50.25 C441.04,49.06 438.98,47.90 436.91,46.75 C434.67,45.51 432.41,44.29 430.06,43.33 C428.88,42.86 427.69,42.44 426.52,41.94 C425.35,41.45 424.21,40.86 423.08,40.29 C422.03,39.75 420.98,39.23 419.90,38.79 C418.63,38.28 417.32,37.88 416.00,37.50 C414.69,37.11 413.36,36.74 412.10,36.21 C411.03,35.76 409.99,35.19 408.91,34.76 C407.63,34.27 406.29,33.97 404.95,33.63 C403.62,33.29 402.31,32.91 401.00,32.51 C399.69,32.11 398.39,31.69 397.06,31.34 C396.03,31.08 394.99,30.86 393.94,30.66 C392.58,30.41 391.20,30.21 389.86,29.88 C388.53,29.56 387.23,29.11 385.88,28.83 C384.33,28.50 382.71,28.40 381.13,28.14 C379.76,27.91 378.42,27.57 377.01,27.46 C375.39,27.33 373.68,27.51 372.07,27.35 C370.66,27.22 369.32,26.82 367.94,26.60 C365.08,26.15 362.05,26.44 359.03,26.54 C352.30,26.77 345.59,26.06 339.06,26.62 C337.64,26.74 336.23,26.92 334.83,27.08 C333.22,27.25 331.63,27.40 330.05,27.62 C328.67,27.81 327.29,28.05 325.91,28.28 C324.65,28.48 323.39,28.66 322.13,28.87 C320.76,29.10 319.40,29.37 318.06,29.67 C316.71,29.96 315.38,30.29 314.04,30.61 C312.70,30.93 311.36,31.24 310.03,31.60 C308.71,31.95 307.39,32.34 306.10,32.78 C304.90,33.18 303.71,33.63 302.50,33.99 C301.19,34.38 299.84,34.68 298.51,35.03 C295.96,35.71 293.48,36.63 291.05,37.64 C288.71,38.61 286.40,39.67 284.04,40.63 C282.87,41.11 281.69,41.56 280.52,42.07 C279.36,42.58 278.22,43.15 277.08,43.72 C274.88,44.80 272.68,45.88 270.49,46.98 C268.50,47.99 266.51,49.02 264.57,50.13 C262.49,51.31 260.46,52.59 258.44,53.89 C256.43,55.19 254.41,56.51 252.44,57.88 C250.46,59.25 248.51,60.67 246.58,62.15 C244.89,63.45 243.21,64.79 241.53,66.08 C239.67,67.51 237.81,68.87 236.02,70.52 C234.30,72.11 232.65,73.97 230.97,75.29 C230.33,75.78 229.70,76.20 229.19,76.84 C228.92,77.18 228.69,77.58 228.43,77.95 C227.77,78.91 226.92,79.72 226.05,80.53 C224.49,81.98 222.88,83.44 221.46,84.98 C219.82,86.75 218.43,88.63 216.91,90.45 C215.39,92.28 213.74,94.04 212.33,95.92 C210.86,97.86 209.66,99.93 208.28,101.92 C206.95,103.83 205.46,105.66 204.21,107.61 C203.52,108.69 202.90,109.80 202.21,110.89 C201.56,111.90 200.85,112.87 200.19,113.88 C198.88,115.87 197.76,117.95 196.69,120.07 C195.54,122.34 194.44,124.65 193.29,126.93 C192.29,128.93 191.25,130.91 190.34,132.94 C189.29,135.26 188.42,137.64 187.50,140.00 C186.58,142.36 185.62,144.71 184.77,147.10 C183.86,149.67 183.08,152.30 182.22,154.90 C181.46,157.20 180.64,159.48 180.10,161.86 C179.80,163.20 179.59,164.58 179.34,165.94 C179.09,167.31 178.81,168.66 178.41,169.97 C178.02,171.28 177.51,172.55 177.48,173.99 C177.45,174.98 177.66,176.06 177.31,176.94 C177.16,177.33 176.89,177.69 176.71,178.08 C176.07,179.52 176.68,181.39 176.58,183.02 C176.49,184.45 175.86,185.69 175.58,187.04 C175.00,189.83 175.91,193.07 175.57,196.06 C175.42,197.41 175.01,198.71 174.02,199.27 C172.79,199.97 170.68,199.56 168.91,199.44 C167.14,199.33 165.70,199.51 164.06,199.55 C162.43,199.58 160.61,199.48 158.95,199.47 C157.30,199.46 155.81,199.54 153.98,199.55 C153.02,199.55 151.96,199.53 151.62,198.97 C151.36,198.54 151.52,197.81 151.57,197.08 C151.71,195.28 151.21,193.55 151.34,191.96 C151.45,190.57 152.03,189.29 152.25,187.91 C152.51,186.32 152.28,184.59 152.44,182.98 C152.57,181.58 152.99,180.27 153.18,178.89 C153.40,177.29 153.32,175.60 153.66,174.06 C153.82,173.33 154.07,172.63 154.21,171.90 C154.32,171.27 154.36,170.62 154.41,169.97 C154.54,168.56 154.79,167.20 155.12,165.86 C155.45,164.53 155.86,163.23 156.17,161.88 C156.49,160.44 156.69,158.95 156.98,157.49 C157.21,156.35 157.49,155.22 157.82,154.11 C158.54,151.68 159.50,149.33 160.16,146.88 C160.52,145.56 160.79,144.20 161.17,142.88 C161.55,141.57 162.04,140.29 162.53,139.01 C163.43,136.64 164.34,134.28 165.30,131.93 C166.26,129.58 167.27,127.25 168.25,124.91 C169.23,122.57 170.19,120.22 171.27,117.92 C172.35,115.61 173.56,113.35 174.82,111.13 C176.00,109.07 177.22,107.04 178.40,104.98 C179.51,103.02 180.58,101.03 181.70,99.07 C182.89,97.01 184.15,94.98 185.46,92.98 C186.79,90.98 188.17,89.00 189.59,87.04 C190.97,85.15 192.39,83.27 193.83,81.41 C194.57,80.45 195.31,79.49 196.06,78.53 C196.75,77.64 197.44,76.74 198.15,75.85 C199.64,74.00 201.23,72.23 202.96,70.48 C203.79,69.64 204.66,68.80 205.42,67.93 C206.23,67.01 206.92,66.06 207.67,65.12 C210.36,61.76 213.83,58.48 217.09,55.59 C218.01,54.77 218.91,53.99 219.85,53.19 C220.71,52.46 221.60,51.72 222.47,50.95 C224.29,49.34 226.01,47.63 227.85,46.15 C229.68,44.67 231.64,43.43 233.52,42.04 C235.23,40.79 236.88,39.42 238.58,38.16 C240.53,36.72 242.55,35.42 244.56,34.12 C246.65,32.77 248.73,31.41 250.85,30.14 C252.89,28.92 254.96,27.77 257.06,26.69 C259.06,25.67 261.08,24.72 263.08,23.73 C265.37,22.59 267.63,21.41 269.92,20.27 C272.20,19.13 274.50,18.03 276.86,17.09 C279.21,16.16 281.62,15.38 283.99,14.48 C286.36,13.57 288.68,12.54 291.09,11.76 C292.39,11.34 293.72,10.99 295.04,10.62 C296.37,10.26 297.69,9.89 299.00,9.50 C300.32,9.12 301.63,8.73 302.95,8.37 C304.28,8.00 305.61,7.67 306.95,7.37 C308.30,7.06 309.65,6.79 311.00,6.51 C312.35,6.22 313.70,5.92 315.05,5.65 C317.65,5.13 320.31,4.75 322.91,4.26 C323.65,4.12 324.38,3.98 325.12,3.84 C325.75,3.73 326.38,3.62 327.02,3.56 C328.64,3.40 330.33,3.50 331.90,3.22 C333.26,2.97 334.53,2.43 335.95,2.34 C337.57,2.23 339.39,2.72 341.05,2.68 C342.61,2.65 344.04,2.16 345.49,1.91 C346.95,1.65 348.43,1.62 349.97,1.56 C353.26,1.44 356.81,1.20 359.98,1.62 C361.37,1.80 362.68,2.11 364.06,2.30 C365.64,2.52 367.30,2.59 368.99,2.54 C370.68,2.49 372.39,2.34 373.96,2.60 C375.33,2.83 376.59,3.37 377.99,3.53 C379.59,3.72 381.37,3.40 382.97,3.57 C384.37,3.73 385.64,4.25 386.97,4.58 C388.31,4.90 389.72,5.02 391.08,5.27 C392.23,5.48 393.35,5.78 394.49,6.02 C395.94,6.33 397.43,6.54 398.88,6.85 C400.23,7.13 401.55,7.49 402.88,7.84 C404.20,8.20 405.53,8.54 406.87,8.86 C408.21,9.17 409.56,9.46 410.89,9.82 C413.34,10.50 415.68,11.45 418.09,12.24 C420.69,13.09 423.37,13.75 425.88,14.83 C426.96,15.29 428.00,15.83 429.07,16.29 C430.33,16.84 431.62,17.30 432.88,17.83 C435.13,18.77 437.30,19.92 439.53,20.91 C441.85,21.94 444.25,22.79 446.53,23.93 C448.45,24.89 450.29,26.05 452.13,27.18 C454.25,28.48 456.37,29.74 458.50,30.99 C460.63,32.25 462.77,33.50 464.85,34.87 C466.79,36.14 468.67,37.51 470.56,38.88 C472.34,40.18 474.12,41.47 475.88,42.80 C477.75,44.21 479.60,45.66 481.39,47.22 C482.25,47.98 483.11,48.77 483.99,49.49 C484.95,50.27 485.95,50.99 486.92,51.75 C490.32,54.46 493.27,57.87 496.48,61.03 C498.18,62.69 499.94,64.28 501.52,65.98 C503.15,67.74 504.59,69.62 506.12,71.44 C507.66,73.27 509.30,75.04 510.84,76.86 C512.36,78.67 513.79,80.53 515.19,82.41 C516.58,84.28 517.95,86.17 519.26,88.09 C520.61,90.08 521.90,92.10 523.23,94.10 C524.56,96.11 525.93,98.09 527.18,100.13 C528.35,102.05 529.42,104.03 530.50,106.00 C531.69,108.15 532.92,110.29 534.04,112.48 C535.16,114.66 536.18,116.89 537.27,119.08 C538.41,121.37 539.64,123.61 540.56,125.98 C541.02,127.16 541.41,128.37 541.87,129.55 C542.34,130.73 542.88,131.87 543.37,133.05 C544.38,135.48 545.14,138.01 545.99,140.51 C546.83,143.00 547.77,145.46 548.50,148.00 C548.88,149.32 549.21,150.65 549.60,151.96 C550.00,153.27 550.46,154.56 550.82,155.89 C551.17,157.21 551.40,158.58 551.68,159.94 C551.90,160.98 552.14,162.01 552.34,163.05 C552.60,164.41 552.80,165.80 553.09,167.15 C553.40,168.59 553.83,169.99 554.06,171.48 C554.29,172.96 554.31,174.52 554.66,175.94 C554.84,176.66 555.09,177.34 555.22,178.09 C555.33,178.72 555.35,179.41 555.39,180.07 C555.48,181.60 555.70,182.99 555.99,184.47 C556.27,185.95 556.61,187.51 556.63,189.02 C556.65,190.63 556.29,192.16 556.40,193.96 C556.50,195.75 557.07,197.80 556.23,198.82 C555.79,199.35 554.95,199.60 554.07,199.64 C553.41,199.67 552.72,199.58 552.03,199.52 C550.32,199.39 548.62,199.48 546.97,199.51 C543.65,199.57 540.48,199.40 536.95,199.54 C535.31,199.60 533.59,199.73 532.84,198.84 C532.03,197.89 532.35,195.74 532.52,193.93 C532.69,192.11 532.70,190.62 532.37,189.09 C532.15,188.07 531.78,187.02 531.61,185.94 C531.36,184.34 531.55,182.65 531.37,181.06 C531.22,179.67 530.78,178.35 530.51,176.99 C530.24,175.63 530.12,174.23 529.92,172.86 C529.69,171.38 529.36,169.93 528.99,168.50 C528.66,167.17 528.30,165.84 527.98,164.51 C527.66,163.17 527.38,161.82 527.05,160.48 C526.45,158.12 525.68,155.83 525.06,153.48 C524.70,152.15 524.40,150.81 523.93,149.52 C523.50,148.33 522.93,147.19 522.47,146.01 C521.51,143.56 521.04,140.93 519.97,138.51 C519.46,137.35 518.81,136.23 518.30,135.07 C517.78,133.91 517.39,132.71 516.92,131.53 C516.11,129.46 515.05,127.48 514.02,125.49 C512.88,123.31 511.76,121.12 510.54,118.98 C509.36,116.92 508.07,114.89 506.75,112.91 C506.09,111.91 505.42,110.92 504.80,109.89 C504.14,108.79 503.54,107.64 502.83,106.57 C501.56,104.62 499.94,102.91 498.55,101.00 C497.12,99.03 495.91,96.87 494.40,95.02 C492.92,93.23 491.16,91.74 489.74,89.59 C489.06,88.55 488.46,87.36 487.56,86.96 C486.60,86.54 485.31,87.02 484.45,87.89 C483.60,88.75 483.18,90.01 482.48,91.02 C481.95,91.79 481.26,92.41 480.57,93.05 C477.13,96.23 473.77,99.68 470.49,103.02 C467.37,106.19 464.33,109.26 460.87,112.52 C459.96,113.37 459.03,114.24 458.87,115.05 C458.75,115.67 459.07,116.26 459.72,116.78 C460.07,117.05 460.50,117.30 460.91,117.57 C463.07,119.01 464.42,120.97 465.81,122.88 C467.18,124.78 468.60,126.63 469.91,128.54 C471.13,130.34 472.26,132.19 473.36,134.04 C474.62,136.17 475.85,138.31 477.01,140.49 C478.16,142.66 479.24,144.86 480.29,147.08 C481.38,149.38 482.45,151.68 483.38,154.04 C484.34,156.49 485.17,159.00 486.01,161.50 C486.85,164.00 487.70,166.49 488.41,169.03 C488.77,170.35 489.10,171.69 489.39,173.04 C489.69,174.39 489.94,175.75 490.35,177.06 C490.75,178.36 491.31,179.61 491.39,181.04 C491.44,182.02 491.27,183.10 491.51,184.01 C491.65,184.51 491.91,184.97 492.10,185.46 C493.06,187.98 492.02,191.36 492.60,193.95 C492.76,194.65 493.04,195.29 493.23,196.09 C493.40,196.76 493.50,197.54 493.32,198.10 C492.96,199.23 491.44,199.42 490.01,199.51 C488.25,199.62 486.63,199.56 484.99,199.51 C483.36,199.46 481.71,199.42 480.03,199.44 C476.67,199.49 473.17,199.81 470.07,199.34 C469.25,199.22 468.45,199.04 468.28,198.28 C468.16,197.70 468.39,196.79 468.51,196.00 C468.76,194.41 468.58,193.27 468.34,192.07 C468.08,190.76 467.75,189.36 467.53,187.97 C467.31,186.58 467.21,185.20 466.92,183.86 C466.62,182.52 466.12,181.23 465.81,179.89 C465.48,178.44 465.36,176.93 465.02,175.49 C464.72,174.26 464.26,173.08 463.86,171.87 C463.44,170.57 463.09,169.24 462.66,167.94 C461.94,165.74 461.00,163.61 460.09,161.47 C459.10,159.13 458.16,156.77 457.06,154.48 C456.00,152.26 454.78,150.11 453.52,147.99 C452.30,145.94 451.03,143.92 449.77,141.90 C448.50,139.86 447.24,137.81 445.54,135.98 C444.71,135.07 443.76,134.21 443.78,132.89 C443.79,132.24 444.03,131.49 444.05,131.16 C444.06,131.06 444.05,131.00 444.00,130.98 C443.92,130.95 443.73,131.08 443.52,131.22 C442.09,132.25 440.17,134.29 438.46,136.05 C436.77,137.79 435.29,139.25 433.48,140.95 C432.94,141.46 432.37,142.00 432.03,142.57 C431.75,143.03 431.62,143.51 431.33,143.89 C430.79,144.56 429.71,144.87 428.92,145.45 C428.00,146.13 427.46,147.19 426.83,148.14 C426.14,149.17 425.32,150.08 424.48,150.99 C422.90,152.68 421.20,154.35 419.51,156.01 C416.14,159.34 412.81,162.65 409.50,165.99 C406.18,169.34 402.88,172.72 399.48,175.99 C397.79,177.62 396.06,179.23 394.53,181.03 C393.71,182.00 392.95,183.02 392.17,183.88 C391.54,184.58 390.91,185.17 390.29,185.83 C389.52,186.65 388.77,187.57 387.97,188.48 C387.21,189.33 386.41,190.17 385.55,191.00 C383.84,192.67 381.92,194.34 380.59,196.00 C380.22,196.46 379.89,196.91 379.89,197.46 C379.88,197.93 380.12,198.48 380.33,199.01 C380.85,200.37 381.16,201.69 381.35,203.07 C381.78,206.13 381.62,209.50 381.05,212.55 C380.79,213.92 380.46,215.23 379.96,216.48 C379.49,217.65 378.89,218.76 378.29,219.90 C377.16,222.01 376.05,224.19 374.46,226.02 C372.92,227.79 370.94,229.24 369.01,230.57 C368.02,231.26 367.04,231.91 366.01,232.50 C365.08,233.02 364.11,233.48 363.11,233.84 C361.83,234.30 360.51,234.61 359.15,234.89 C357.79,235.17 356.40,235.42 354.98,235.53 C351.94,235.76 348.79,235.34 345.98,234.43 C343.56,233.65 341.39,232.51 339.13,231.23 C337.30,230.19 335.40,229.07 334.01,227.51 C333.21,226.61 332.58,225.57 331.84,224.59 C331.16,223.67 330.38,222.80 329.75,221.88 C328.28,219.76 327.56,217.36 326.85,214.90 C326.03,212.04 325.23,209.10 325.42,206.05 C325.51,204.63 325.81,203.19 326.13,201.83 C326.40,200.68 326.67,199.59 326.99,198.50 C327.70,196.10 328.65,193.68 330.13,191.56 C330.77,190.64 331.51,189.77 332.21,188.88 C332.96,187.91 333.67,186.90 334.51,186.03 C336.18,184.30 338.40,183.09 340.54,181.99 C342.91,180.76 345.18,179.67 347.79,179.05 C350.70,178.37 354.05,178.28 356.97,178.56 C358.33,178.69 359.60,178.89 360.99,179.42 C362.38,179.95 363.89,180.80 364.93,180.34 C365.83,179.95 366.38,178.59 367.12,177.53 C367.81,176.52 368.66,175.77 369.50,174.99 C371.01,173.57 372.46,172.02 373.98,170.50 C375.66,168.81 377.42,167.15 379.03,165.50 C380.64,163.85 382.12,162.22 384.06,160.49 C385.02,159.63 386.09,158.75 386.22,157.94 C386.31,157.33 385.86,156.76 385.22,156.22 C384.88,155.94 384.49,155.67 384.09,155.42 C381.79,153.95 379.48,153.09 377.14,152.14 C374.81,151.20 372.44,150.15 369.97,149.55 C368.64,149.22 367.28,149.02 365.93,148.72 C364.59,148.42 363.26,148.03 361.88,147.79 C358.74,147.26 355.36,147.58 351.99,147.51 C350.30,147.47 348.61,147.34 347.04,147.60 C345.98,147.77 344.98,148.11 343.96,148.40 C342.64,148.77 341.30,149.06 339.96,149.37 C338.62,149.69 337.29,150.04 335.98,150.45 C333.56,151.21 331.22,152.18 328.92,153.26 C326.68,154.30 324.47,155.45 322.42,156.85 C321.43,157.53 320.48,158.26 319.51,158.98 C318.53,159.70 317.54,160.42 316.58,161.18 C312.91,164.11 309.69,167.78 306.93,171.49 C305.49,173.45 304.17,175.41 303.00,177.48 C301.90,179.43 300.94,181.48 300.09,183.54 C299.08,185.99 298.22,188.46 297.50,190.99 C297.13,192.31 296.79,193.64 296.47,194.99 C296.14,196.33 295.83,197.68 295.66,199.07 C295.26,202.26 295.61,205.64 295.52,209.02 C295.47,210.70 295.32,212.39 295.60,213.95 C295.79,215.00 296.17,216.00 296.37,217.05 C296.66,218.51 296.59,220.09 296.92,221.53 C297.20,222.77 297.79,223.90 298.24,225.09 C298.73,226.37 299.08,227.71 299.59,228.98 C300.07,230.15 300.69,231.24 301.28,232.37 C302.42,234.54 303.46,236.80 304.77,238.90 C305.88,240.67 307.18,242.33 308.47,244.01 C309.91,245.89 311.34,247.80 313.02,249.46 C314.71,251.12 316.65,252.53 318.54,253.95 C320.49,255.40 322.40,256.86 324.45,258.08 C325.48,258.70 326.54,259.25 327.61,259.78 C328.75,260.34 329.88,260.88 331.04,261.36 C333.46,262.37 336.00,263.19 338.51,263.98 C339.82,264.39 341.11,264.79 342.47,265.06 C343.93,265.35 345.46,265.48 347.00,265.53 C350.30,265.64 353.65,265.37 357.01,265.47 C358.69,265.52 360.38,265.67 361.99,265.50 C363.07,265.39 364.11,265.14 365.14,264.87 C366.47,264.52 367.77,264.14 369.11,263.82 C370.45,263.51 371.82,263.26 373.14,262.86 C375.57,262.12 377.77,260.83 380.06,259.70 C382.28,258.60 384.58,257.63 386.62,256.21 C388.52,254.89 390.19,253.17 392.04,251.55 C393.00,250.71 394.01,249.89 394.76,249.10 C395.21,248.61 395.56,248.13 396.06,247.60 C396.36,247.27 396.72,246.92 397.06,246.57 C398.83,244.76 400.24,242.95 401.55,241.03 C402.89,239.07 404.14,236.99 405.29,234.91 C406.37,232.95 407.37,230.99 408.18,228.91 C409.18,226.34 409.89,223.60 410.65,221.06 C411.03,219.79 411.42,218.56 411.48,217.04 C411.55,215.41 411.24,213.44 412.02,212.45 C412.75,211.53 414.43,211.48 415.99,211.46 C417.77,211.44 419.40,211.46 421.03,211.48 C424.29,211.53 427.55,211.59 431.07,211.44 C432.70,211.36 434.38,211.24 435.14,212.16 C435.96,213.14 435.70,215.32 435.53,217.10 C435.37,218.75 435.29,220.05 435.06,221.47 C434.83,222.89 434.46,224.43 434.11,225.89 C433.79,227.25 433.50,228.55 433.18,229.88 C432.87,231.20 432.52,232.55 432.11,233.86 C431.43,235.99 430.56,238.02 429.65,240.05 C428.60,242.36 427.51,244.68 426.29,246.93 C425.16,249.02 423.92,251.06 422.53,253.01 C421.83,253.99 421.09,254.96 420.40,255.95 C419.69,256.94 419.03,257.96 418.28,258.93 C417.02,260.54 415.50,261.99 414.01,263.49 C412.34,265.17 410.70,266.90 409.00,268.51 C407.25,270.17 405.42,271.68 403.56,273.13 C401.71,274.56 399.82,275.93 397.88,277.20 C395.99,278.45 394.04,279.61 392.05,280.67 C389.80,281.87 387.49,282.94 385.14,283.90 C382.80,284.87 380.42,285.72 378.00,286.51 C376.70,286.93 375.38,287.33 374.05,287.66 C372.72,287.99 371.38,288.24 370.01,288.51 C368.65,288.78 367.27,289.06 365.90,289.28 C364.33,289.53 362.77,289.70 361.18,289.91 C358.20,290.30 355.09,290.82 352.02,290.60 C350.49,290.49 348.97,290.19 347.48,289.97 C345.99,289.75 344.53,289.61 343.03,289.46 C341.63,289.32 340.21,289.18 338.84,288.93 C337.37,288.66 335.96,288.28 334.51,287.97 C333.17,287.68 331.79,287.44 330.48,287.04 C329.48,286.72 328.51,286.31 327.53,285.91 C325.19,284.96 322.78,284.12 320.48,283.04 C318.26,281.99 316.14,280.72 313.99,279.52 C312.95,278.94 311.91,278.38 310.92,277.72 C309.92,277.05 308.97,276.27 307.97,275.57 C306.98,274.87 305.94,274.24 304.95,273.56 C304.15,273.00 303.38,272.41 302.62,271.79 C299.11,268.91 295.72,265.37 292.50,261.96 C290.84,260.21 289.22,258.49 287.74,256.65 C286.41,254.99 285.19,253.23 284.12,251.43 C282.87,249.30 281.83,247.11 280.72,244.93 C279.56,242.66 278.32,240.40 277.32,238.06 C276.33,235.72 275.58,233.31 274.78,230.90 C274.35,229.60 273.91,228.31 273.62,226.96 C273.33,225.61 273.19,224.20 272.93,222.85 C272.64,221.39 272.20,220.00 271.93,218.53 C271.65,217.07 271.53,215.54 271.48,213.99 C271.38,210.70 271.57,207.35 271.53,203.99 C271.49,200.74 271.24,197.48 271.93,194.48 C272.12,193.65 272.38,192.84 272.57,192.01 C272.71,191.40 272.81,190.77 272.90,190.14 C273.06,189.09 273.22,188.02 273.43,186.97 C273.97,184.26 274.86,181.68 275.87,179.13 C276.80,176.77 277.83,174.45 278.86,172.13 C279.85,169.90 280.84,167.67 282.07,165.54 C282.66,164.50 283.31,163.49 283.99,162.49 C284.54,161.68 285.12,160.89 285.67,160.08 C287.03,158.09 288.27,156.03 289.77,154.11 C291.17,152.32 292.81,150.64 294.47,148.97 C296.13,147.30 297.83,145.64 299.55,144.09 C301.17,142.64 302.81,141.29 304.51,140.02 C306.45,138.57 308.45,137.24 310.48,135.96 C312.58,134.64 314.72,133.39 316.92,132.26 C319.19,131.10 321.52,130.09 323.87,129.12 C326.21,128.15 328.57,127.23 330.99,126.48 C332.30,126.07 333.62,125.72 334.98,125.44 C336.33,125.17 337.72,124.98 339.09,124.75 C340.56,124.49 342.00,124.20 343.48,123.96 C344.96,123.72 346.47,123.54 348.00,123.47 C351.28,123.32 354.66,123.63 358.02,123.53 C359.70,123.48 361.38,123.32 362.95,123.59 C364.00,123.77 365.01,124.15 366.05,124.37 C367.52,124.67 369.06,124.65 370.53,124.92 C371.89,125.17 373.17,125.66 374.48,126.06 C375.69,126.44 376.92,126.76 378.14,127.10 C379.46,127.48 380.76,127.89 382.06,128.34 C384.45,129.17 386.80,130.12 389.09,131.24 C391.31,132.33 393.47,133.59 395.58,134.86 C397.61,136.09 399.59,137.33 401.50,139.12 C402.02,139.61 402.53,140.13 403.02,140.09 C403.34,140.06 403.65,139.79 403.97,139.50 C404.80,138.75 405.69,137.88 406.53,137.02 C408.22,135.31 409.75,133.62 411.45,131.99 C412.98,130.51 414.65,129.07 416.08,127.53 C417.73,125.77 419.05,123.87 420.62,122.07 C422.13,120.32 423.87,118.66 425.45,116.97 C425.89,116.50 426.32,116.03 426.13,115.55 C426.00,115.20 425.53,114.84 425.09,114.52 C423.93,113.69 422.96,113.12 421.98,112.50 C420.01,111.26 418.02,109.80 416.01,108.46 C414.01,107.11 412.00,105.88 409.93,104.73 C407.69,103.49 405.39,102.34 403.07,101.28 C400.75,100.23 398.42,99.26 396.07,98.31 C394.02,97.47 391.95,96.64 389.87,95.85 C388.59,95.37 387.31,94.90 385.98,94.55 C384.65,94.21 383.28,93.98 381.94,93.65 C380.61,93.33 379.31,92.91 377.98,92.57 C376.64,92.23 375.28,91.97 373.92,91.72 C372.46,91.44 371.01,91.17 369.52,90.96 C368.03,90.75 366.50,90.61 364.99,90.49 C363.48,90.37 361.99,90.28 360.50,90.05 C359.33,89.87 358.16,89.61 356.97,89.47 C353.83,89.10 350.54,89.61 347.46,90.00 C345.97,90.19 344.53,90.35 343.03,90.51 C341.54,90.66 339.99,90.80 338.48,90.98 C336.97,91.15 335.51,91.36 334.04,91.59 C332.67,91.81 331.29,92.05 329.95,92.35 C327.56,92.88 325.26,93.61 322.89,94.18 C321.55,94.50 320.19,94.77 318.88,95.17 C317.57,95.57 316.31,96.10 315.05,96.63 C312.71,97.63 310.38,98.65 308.05,99.63 C306.88,100.12 305.70,100.60 304.53,101.08 C303.35,101.56 302.17,102.05 301.08,102.73 C300.07,103.36 299.13,104.17 298.10,104.76 C297.07,105.34 295.96,105.72 294.92,106.27 C293.86,106.82 292.88,107.53 291.87,108.19 C290.80,108.89 289.69,109.52 288.61,110.22 C286.66,111.47 284.80,112.93 282.94,114.39 C281.09,115.84 279.23,117.30 277.48,118.95 C275.95,120.39 274.50,121.97 273.00,123.50 C269.62,126.97 266.02,130.18 263.19,133.86 C261.76,135.72 260.53,137.70 259.23,139.63 C257.84,141.70 256.38,143.71 255.10,145.83 C253.87,147.86 252.81,149.97 251.73,152.08 C250.56,154.36 249.36,156.61 248.28,158.92 C247.19,161.22 246.23,163.57 245.30,165.93 C244.45,168.09 243.63,170.26 243.01,172.50 C242.64,173.82 242.34,175.17 242.01,176.50 C241.67,177.83 241.29,179.15 240.99,180.49 C240.66,181.94 240.43,183.42 240.13,184.87 C239.85,186.22 239.53,187.55 239.41,188.97 C239.33,189.84 239.34,190.74 239.09,191.54 C238.93,192.04 238.68,192.49 238.53,192.99 C238.10,194.49 238.64,196.42 238.62,198.07 C238.61,199.51 238.16,200.72 237.84,202.08 C237.48,203.64 237.28,205.38 237.37,207.03 C237.46,208.57 237.79,210.02 238.04,211.49 C238.28,212.97 238.43,214.47 238.51,215.99 C238.60,217.63 238.61,219.29 238.82,220.89 C239.00,222.28 239.32,223.61 239.54,224.98 C239.77,226.36 239.89,227.76 240.09,229.14 C240.31,230.63 240.62,232.08 240.97,233.51 C241.55,235.87 242.26,238.19 242.99,240.50 C243.79,243.02 244.60,245.53 245.53,247.99 C245.98,249.17 246.46,250.35 246.91,251.53 C247.37,252.71 247.80,253.91 248.30,255.08 C249.30,257.41 250.58,259.63 251.84,261.86 C252.91,263.74 253.96,265.62 255.04,267.48 C256.24,269.55 257.46,271.59 258.83,273.58 C260.21,275.56 261.74,277.49 263.23,279.40 C264.67,281.25 266.08,283.08 267.63,284.91 C268.98,286.51 270.43,288.10 271.95,289.57 C273.63,291.20 275.39,292.68 277.13,294.19 C278.94,295.75 280.74,297.34 282.56,298.88 C284.37,300.41 286.20,301.89 288.10,303.23 C290.15,304.67 292.26,305.95 294.41,307.18 C296.55,308.42 298.72,309.59 300.92,310.73 C303.09,311.86 305.29,312.94 307.50,314.01 C309.79,315.13 312.09,316.22 314.47,317.06 C316.66,317.84 318.93,318.41 321.12,319.16 C322.41,319.61 323.68,320.12 325.01,320.47 C326.34,320.81 327.73,320.99 329.08,321.28 C330.43,321.57 331.73,321.97 333.11,322.19 C334.69,322.43 336.37,322.43 337.94,322.68 C339.32,322.89 340.61,323.28 342.00,323.46 C343.59,323.67 345.31,323.59 347.00,323.54 C350.38,323.43 353.64,323.42 356.98,323.49 C360.33,323.56 363.76,323.72 366.93,323.28 C368.31,323.09 369.64,322.79 371.02,322.59 C372.50,322.37 374.04,322.27 375.52,322.05 C377.00,321.82 378.43,321.46 379.87,321.13 C381.20,320.81 382.55,320.51 383.88,320.15 C386.12,319.54 388.31,318.77 390.50,318.01 C392.99,317.15 395.49,316.31 397.95,315.37 C400.32,314.46 402.66,313.47 404.92,312.28 C407.01,311.19 409.04,309.93 411.09,308.73 C413.22,307.48 415.39,306.30 417.46,304.93 C419.40,303.66 421.26,302.23 423.12,300.80 C424.99,299.35 426.86,297.90 428.51,296.04 C428.99,295.50 429.44,294.94 430.04,294.62 C430.52,294.37 431.09,294.27 431.51,293.99 C432.46,293.37 432.65,291.82 433.43,290.90 C434.21,289.98 435.58,289.68 436.47,288.93 C437.20,288.32 437.60,287.42 438.15,286.59 C439.40,284.68 441.39,283.19 442.98,281.49 C444.62,279.74 445.84,277.78 447.15,275.86 C448.52,273.87 449.98,271.93 451.29,269.93 C452.54,268.03 453.65,266.07 454.71,264.08 C455.87,261.91 456.97,259.72 458.02,257.51 C459.11,255.20 460.16,252.89 461.12,250.54 C462.12,248.11 463.05,245.64 463.84,243.12 C464.57,240.81 465.19,238.46 465.74,236.09 C466.05,234.75 466.34,233.40 466.61,232.04 C466.89,230.68 467.14,229.31 467.43,227.97 C467.71,226.62 468.02,225.30 468.19,223.90 C468.37,222.29 468.36,220.56 468.51,218.99 C468.64,217.61 468.90,216.35 469.07,214.84 C469.19,213.81 469.27,212.65 469.81,212.10 C470.10,211.79 470.53,211.67 471.00,211.58 C472.45,211.32 474.33,211.41 476.04,211.48 C477.76,211.54 479.31,211.59 480.96,211.56 C484.25,211.51 487.89,211.17 490.95,211.67 C491.75,211.80 492.52,212.00 492.70,212.73 C492.83,213.29 492.62,214.15 492.51,214.94 C492.23,216.91 492.55,218.39 492.59,219.99 C492.64,221.59 492.41,223.31 492.14,224.91 C491.91,226.29 491.64,227.59 491.41,228.95 C491.18,230.31 491.01,231.73 490.72,233.09 C490.49,234.24 490.18,235.34 489.96,236.48 C489.68,237.94 489.56,239.46 489.18,240.89 C488.86,242.12 488.36,243.28 487.99,244.50 C487.60,245.81 487.36,247.18 487.00,248.50 C486.67,249.73 486.24,250.92 485.82,252.11 C484.94,254.60 484.11,257.10 483.14,259.55 C482.28,261.71 481.32,263.83 480.30,265.93 C479.23,268.13 478.11,270.32 477.01,272.51 C475.90,274.70 474.82,276.90 473.53,279.01 C472.27,281.05 470.82,283.00 469.48,284.99 C468.26,286.80 467.13,288.63 465.82,290.40 C464.42,292.29 462.81,294.10 461.33,295.93 C459.84,297.76 458.48,299.62 456.93,301.43 C453.93,304.94 450.21,308.29 446.97,311.26 C446.36,311.82 445.76,312.36 445.18,312.85 C444.81,313.15 444.45,313.43 444.07,313.73 C443.26,314.38 442.36,315.16 441.47,315.91 C439.61,317.48 437.80,318.94 435.94,320.36 C434.01,321.83 432.03,323.24 430.02,324.55 C428.20,325.74 426.34,326.86 424.48,327.95 C422.35,329.21 420.20,330.44 418.04,331.63 C415.89,332.82 413.72,333.97 411.50,335.01 C409.20,336.09 406.85,337.05 404.47,337.93 C402.30,338.73 400.09,339.46 397.90,340.20 C395.30,341.08 392.72,341.98 390.10,342.78 C388.79,343.18 387.47,343.55 386.13,343.87 C384.80,344.20 383.44,344.48 382.08,344.71 C380.71,344.95 379.33,345.15 377.97,345.40 C376.61,345.66 375.27,345.98 373.88,346.17 C372.29,346.38 370.64,346.42 369.04,346.62 C367.97,346.75 366.92,346.95 365.86,347.11 Z M253.92,91.13 C253.24,91.19 252.59,91.06 251.91,90.88 C251.33,90.72 250.74,90.52 250.14,90.28 C249.00,89.84 247.82,89.26 246.92,88.48 C244.90,86.71 244.36,83.85 244.36,81.00 C244.36,78.15 244.89,75.29 246.92,73.52 C247.82,72.74 249.02,72.17 250.14,71.71 C251.44,71.19 252.65,70.82 253.92,70.90 C254.61,70.94 255.32,71.11 256.04,71.28 C256.65,71.43 257.26,71.58 257.85,71.84 C258.87,72.29 259.80,73.05 260.60,73.90 C262.47,75.88 263.66,78.33 263.65,80.95 C263.64,82.35 263.29,83.80 262.86,85.17 C262.45,86.45 261.98,87.65 261.07,88.52 C260.24,89.32 259.05,89.85 257.87,90.21 C256.93,90.49 255.99,90.68 255.10,90.89 C254.70,90.99 254.30,91.09 253.92,91.13 Z M257.34,80.87 C258.02,79.99 257.66,78.35 256.76,77.77 C255.93,77.24 254.64,77.64 254.00,78.49 C253.37,79.32 253.38,80.58 254.13,81.19 C254.95,81.87 256.66,81.76 257.34,80.87 Z M442.86,185.33 C440.03,185.84 437.04,184.74 434.91,182.87 C433.97,182.05 433.20,181.08 432.60,179.95 C431.95,178.73 431.52,177.33 431.40,175.94 C431.17,173.25 432.13,170.60 433.91,168.43 C435.50,166.48 437.76,164.92 440.11,164.53 C442.95,164.05 445.92,165.28 448.09,167.38 C449.95,169.18 451.21,171.62 451.48,174.10 C451.77,176.77 450.91,179.48 449.11,181.57 C448.35,182.45 447.44,183.21 446.45,183.84 C445.32,184.56 444.10,185.10 442.86,185.33 Z M444.39,177.03 C445.37,176.26 445.59,174.39 444.88,173.38 C444.17,172.37 442.50,172.24 441.52,173.02 C440.53,173.79 440.23,175.47 440.95,176.48 C441.67,177.47 443.41,177.80 444.39,177.03 Z M288.87,289.09 C287.10,289.84 284.93,289.83 282.98,289.55 C281.57,289.34 280.26,288.99 279.10,288.28 C277.10,287.06 275.54,284.78 274.94,282.45 C274.26,279.86 274.80,277.23 276.15,274.88 C277.37,272.77 279.26,270.89 281.52,269.98 C284.42,268.82 287.93,269.25 290.50,271.07 C292.50,272.49 293.94,274.75 294.63,276.99 C295.00,278.18 295.16,279.36 295.00,280.54 C294.84,281.72 294.36,282.89 293.74,284.05 C292.61,286.15 291.03,288.18 288.87,289.09 Z" fill="url(#radar)"/><path d="M365.86,347.11 C359.52,348.03 352.61,347.32 345.97,347.46 C344.31,347.50 342.67,347.59 341.07,347.39 C339.68,347.22 338.32,346.84 336.97,346.53 C335.62,346.23 334.27,346.01 332.88,345.86 C331.28,345.68 329.63,345.60 328.06,345.32 C326.69,345.09 325.38,344.71 324.04,344.38 C322.71,344.05 321.36,343.77 320.03,343.42 C317.47,342.74 315.00,341.82 312.51,340.98 C310.01,340.14 307.48,339.38 304.99,338.53 C302.79,337.79 300.62,336.98 298.50,336.02 C296.27,335.01 294.10,333.84 291.93,332.71 C289.73,331.57 287.53,330.47 285.39,329.21 C283.26,327.96 281.21,326.54 279.10,325.23 C278.09,324.60 277.06,323.99 276.04,323.35 C275.03,322.73 274.04,322.07 273.07,321.37 C271.17,319.99 269.38,318.41 267.54,316.92 C265.70,315.43 263.82,314.02 262.03,312.44 C258.73,309.55 255.71,306.11 252.51,302.96 C250.83,301.31 249.11,299.75 247.72,297.94 C246.97,296.97 246.32,295.93 245.53,294.98 C244.79,294.09 243.92,293.28 243.17,292.41 C241.55,290.56 240.44,288.44 239.16,286.42 C237.87,284.39 236.41,282.46 235.14,280.43 C233.82,278.34 232.71,276.15 231.51,273.99 C230.31,271.84 229.03,269.73 227.96,267.52 C226.86,265.23 226.00,262.83 225.03,260.49 C224.14,258.34 223.15,256.23 222.28,254.08 C221.33,251.73 220.51,249.33 219.86,246.87 C219.50,245.55 219.19,244.21 218.85,242.88 C218.50,241.55 218.12,240.23 217.84,238.88 C217.53,237.43 217.34,235.94 217.03,234.49 C216.73,233.04 216.32,231.61 216.07,230.15 C215.83,228.79 215.72,227.39 215.53,226.01 C215.36,224.84 215.12,223.68 214.95,222.51 C214.00,216.24 214.67,209.59 214.54,202.98 C214.48,199.62 214.21,196.27 214.70,193.09 C214.91,191.71 215.27,190.36 215.45,188.97 C215.61,187.69 215.63,186.38 215.81,185.12 C216.01,183.74 216.41,182.42 216.72,181.08 C217.03,179.73 217.23,178.36 217.48,176.99 C217.72,175.63 218.01,174.28 218.35,172.94 C218.69,171.61 219.08,170.30 219.50,169.00 C220.30,166.49 221.17,164.00 222.01,161.50 C222.84,159.00 223.64,156.48 224.61,154.04 C225.55,151.68 226.65,149.39 227.73,147.08 C228.76,144.87 229.78,142.63 230.96,140.48 C232.14,138.31 233.47,136.21 234.75,134.10 C235.87,132.25 236.95,130.38 238.14,128.57 C239.42,126.64 240.83,124.77 242.20,122.88 C243.63,120.92 245.02,118.94 246.63,117.05 C248.16,115.24 249.90,113.51 251.26,111.83 C252.02,110.89 252.66,109.97 253.51,109.04 C254.26,108.22 255.16,107.40 256.02,106.54 C257.72,104.82 259.22,102.96 261.02,101.58 C261.98,100.83 263.03,100.22 263.98,99.44 C264.87,98.71 265.67,97.83 266.52,97.04 C268.28,95.42 270.24,94.19 272.13,92.82 C273.91,91.52 275.61,90.08 277.42,88.85 C279.41,87.49 281.53,86.38 283.59,85.18 C284.70,84.54 285.79,83.87 286.87,83.18 C287.88,82.53 288.89,81.87 289.93,81.29 C292.17,80.07 294.59,79.28 296.92,78.27 C299.25,77.26 301.50,76.04 303.85,75.07 C304.92,74.63 306.02,74.23 307.12,73.84 C308.41,73.39 309.70,72.94 311.03,72.58 C312.35,72.22 313.71,71.96 315.02,71.55 C316.33,71.15 317.58,70.60 318.88,70.17 C320.18,69.74 321.53,69.43 322.87,69.14 C324.22,68.85 325.57,68.58 326.93,68.30 C328.28,68.03 329.64,67.76 331.02,67.55 C332.18,67.37 333.35,67.24 334.50,67.02 C335.96,66.74 337.39,66.30 338.96,66.38 C339.97,66.43 341.04,66.69 341.99,66.52 C342.52,66.42 343.01,66.19 343.52,66.01 C346.44,64.96 349.71,65.56 352.99,65.59 C356.38,65.63 359.78,65.06 362.91,65.67 C364.28,65.93 365.59,66.42 367.01,66.52 C368.32,66.61 369.71,66.38 371.00,66.47 C372.41,66.57 373.70,67.06 375.06,67.34 C376.51,67.65 378.04,67.72 379.52,67.95 C380.99,68.18 382.41,68.57 383.86,68.89 C385.21,69.19 386.57,69.43 387.89,69.81 C389.11,70.16 390.29,70.63 391.50,71.00 C392.81,71.40 394.17,71.67 395.49,72.02 C397.75,72.61 399.92,73.41 402.06,74.33 C403.23,74.83 404.38,75.37 405.54,75.90 C406.69,76.42 407.85,76.93 409.02,77.41 C411.37,78.37 413.80,79.19 416.03,80.39 C417.08,80.95 418.08,81.59 419.12,82.18 C420.23,82.82 421.38,83.41 422.50,84.03 C424.67,85.21 426.74,86.50 428.83,87.87 C430.77,89.15 432.73,90.51 434.59,91.88 C436.45,93.25 438.21,94.62 440.08,96.38 C441.04,97.29 442.03,98.29 443.04,98.34 C444.06,98.39 445.11,97.46 446.05,96.54 C446.92,95.69 447.69,94.85 448.49,94.00 C449.13,93.32 449.79,92.64 450.46,91.97 C452.15,90.31 453.96,88.76 455.50,87.00 C456.34,86.06 457.09,85.05 457.82,84.13 C458.22,83.62 458.61,83.15 459.04,82.71 C459.38,82.37 459.74,82.05 460.09,81.71 C461.68,80.18 463.14,78.19 464.93,76.45 C466.65,74.77 468.68,73.32 469.86,71.45 C470.25,70.83 470.55,70.17 470.18,69.54 C469.96,69.16 469.49,68.79 469.07,68.45 C468.03,67.59 467.29,66.85 466.44,66.15 C465.53,65.40 464.50,64.68 463.50,63.98 C462.50,63.28 461.53,62.59 460.55,61.90 C458.67,60.56 456.76,59.18 454.87,57.83 C453.08,56.54 451.29,55.27 449.46,54.08 C447.38,52.73 445.24,51.48 443.09,50.25 C441.04,49.06 438.98,47.90 436.91,46.75 C434.67,45.51 432.41,44.29 430.06,43.33 C428.88,42.86 427.69,42.44 426.52,41.94 C425.35,41.45 424.21,40.86 423.08,40.29 C422.03,39.75 420.98,39.23 419.90,38.79 C418.63,38.28 417.32,37.88 416.00,37.50 C414.69,37.11 413.36,36.74 412.10,36.21 C411.03,35.76 409.99,35.19 408.91,34.76 C407.63,34.27 406.29,33.97 404.95,33.63 C403.62,33.29 402.31,32.91 401.00,32.51 C399.69,32.11 398.39,31.69 397.06,31.34 C396.03,31.08 394.99,30.86 393.94,30.66 C392.58,30.41 391.20,30.21 389.86,29.88 C388.53,29.56 387.23,29.11 385.88,28.83 C384.33,28.50 382.71,28.40 381.13,28.14 C379.76,27.91 378.42,27.57 377.01,27.46 C375.39,27.33 373.68,27.51 372.07,27.35 C370.66,27.22 369.32,26.82 367.94,26.60 C365.08,26.15 362.05,26.44 359.03,26.54 C352.30,26.77 345.59,26.06 339.06,26.62 C337.64,26.74 336.23,26.92 334.83,27.08 C333.22,27.25 331.63,27.40 330.05,27.62 C328.67,27.81 327.29,28.05 325.91,28.28 C324.65,28.48 323.39,28.66 322.13,28.87 C320.76,29.10 319.40,29.37 318.06,29.67 C316.71,29.96 315.38,30.29 314.04,30.61 C312.70,30.93 311.36,31.24 310.03,31.60 C308.71,31.95 307.39,32.34 306.10,32.78 C304.90,33.18 303.71,33.63 302.50,33.99 C301.19,34.38 299.84,34.68 298.51,35.03 C295.96,35.71 293.48,36.63 291.05,37.64 C288.71,38.61 286.40,39.67 284.04,40.63 C282.87,41.11 281.69,41.56 280.52,42.07 C279.36,42.58 278.22,43.15 277.08,43.72 C274.88,44.80 272.68,45.88 270.49,46.98 C268.50,47.99 266.51,49.02 264.57,50.13 C262.49,51.31 260.46,52.59 258.44,53.89 C256.43,55.19 254.41,56.51 252.44,57.88 C250.46,59.25 248.51,60.67 246.58,62.15 C244.89,63.45 243.21,64.79 241.53,66.08 C239.67,67.51 237.81,68.87 236.02,70.52 C234.30,72.11 232.65,73.97 230.97,75.29 C230.33,75.78 229.70,76.20 229.19,76.84 C228.92,77.18 228.69,77.58 228.43,77.95 C227.77,78.91 226.92,79.72 226.05,80.53 C224.49,81.98 222.88,83.44 221.46,84.98 C219.82,86.75 218.43,88.63 216.91,90.45 C215.39,92.28 213.74,94.04 212.33,95.92 C210.86,97.86 209.66,99.93 208.28,101.92 C206.95,103.83 205.46,105.66 204.21,107.61 C203.52,108.69 202.90,109.80 202.21,110.89 C201.56,111.90 200.85,112.87 200.19,113.88 C198.88,115.87 197.76,117.95 196.69,120.07 C195.54,122.34 194.44,124.65 193.29,126.93 C192.29,128.93 191.25,130.91 190.34,132.94 C189.29,135.26 188.42,137.64 187.50,140.00 C186.58,142.36 185.62,144.71 184.77,147.10 C183.86,149.67 183.08,152.30 182.22,154.90 C181.46,157.20 180.64,159.48 180.10,161.86 C179.80,163.20 179.59,164.58 179.34,165.94 C179.09,167.31 178.81,168.66 178.41,169.97 C178.02,171.28 177.51,172.55 177.48,173.99 C177.45,174.98 177.66,176.06 177.31,176.94 C177.16,177.33 176.89,177.69 176.71,178.08 C176.07,179.52 176.68,181.39 176.58,183.02 C176.49,184.45 175.86,185.69 175.58,187.04 C175.00,189.83 175.91,193.07 175.57,196.06 C175.42,197.41 175.01,198.71 174.02,199.27 C172.79,199.97 170.68,199.56 168.91,199.44 C167.14,199.33 165.70,199.51 164.06,199.55 C162.43,199.58 160.61,199.48 158.95,199.47 C157.30,199.46 155.81,199.54 153.98,199.55 C153.02,199.55 151.96,199.53 151.62,198.97 C151.36,198.54 151.52,197.81 151.57,197.08 C151.71,195.28 151.21,193.55 151.34,191.96 C151.45,190.57 152.03,189.29 152.25,187.91 C152.51,186.32 152.28,184.59 152.44,182.98 C152.57,181.58 152.99,180.27 153.18,178.89 C153.40,177.29 153.32,175.60 153.66,174.06 C153.82,173.33 154.07,172.63 154.21,171.90 C154.32,171.27 154.36,170.62 154.41,169.97 C154.54,168.56 154.79,167.20 155.12,165.86 C155.45,164.53 155.86,163.23 156.17,161.88 C156.49,160.44 156.69,158.95 156.98,157.49 C157.21,156.35 157.49,155.22 157.82,154.11 C158.54,151.68 159.50,149.33 160.16,146.88 C160.52,145.56 160.79,144.20 161.17,142.88 C161.55,141.57 162.04,140.29 162.53,139.01 C163.43,136.64 164.34,134.28 165.30,131.93 C166.26,129.58 167.27,127.25 168.25,124.91 C169.23,122.57 170.19,120.22 171.27,117.92 C172.35,115.61 173.56,113.35 174.82,111.13 C176.00,109.07 177.22,107.04 178.40,104.98 C179.51,103.02 180.58,101.03 181.70,99.07 C182.89,97.01 184.15,94.98 185.46,92.98 C186.79,90.98 188.17,89.00 189.59,87.04 C190.97,85.15 192.39,83.27 193.83,81.41 C194.57,80.45 195.31,79.49 196.06,78.53 C196.75,77.64 197.44,76.74 198.15,75.85 C199.64,74.00 201.23,72.23 202.96,70.48 C203.79,69.64 204.66,68.80 205.42,67.93 C206.23,67.01 206.92,66.06 207.67,65.12 C210.36,61.76 213.83,58.48 217.09,55.59 C218.01,54.77 218.91,53.99 219.85,53.19 C220.71,52.46 221.60,51.72 222.47,50.95 C224.29,49.34 226.01,47.63 227.85,46.15 C229.68,44.67 231.64,43.43 233.52,42.04 C235.23,40.79 236.88,39.42 238.58,38.16 C240.53,36.72 242.55,35.42 244.56,34.12 C246.65,32.77 248.73,31.41 250.85,30.14 C252.89,28.92 254.96,27.77 257.06,26.69 C259.06,25.67 261.08,24.72 263.08,23.73 C265.37,22.59 267.63,21.41 269.92,20.27 C272.20,19.13 274.50,18.03 276.86,17.09 C279.21,16.16 281.62,15.38 283.99,14.48 C286.36,13.57 288.68,12.54 291.09,11.76 C292.39,11.34 293.72,10.99 295.04,10.62 C296.37,10.26 297.69,9.89 299.00,9.50 C300.32,9.12 301.63,8.73 302.95,8.37 C304.28,8.00 305.61,7.67 306.95,7.37 C308.30,7.06 309.65,6.79 311.00,6.51 C312.35,6.22 313.70,5.92 315.05,5.65 C317.65,5.13 320.31,4.75 322.91,4.26 C323.65,4.12 324.38,3.98 325.12,3.84 C325.75,3.73 326.38,3.62 327.02,3.56 C328.64,3.40 330.33,3.50 331.90,3.22 C333.26,2.97 334.53,2.43 335.95,2.34 C337.57,2.23 339.39,2.72 341.05,2.68 C342.61,2.65 344.04,2.16 345.49,1.91 C346.95,1.65 348.43,1.62 349.97,1.56 C353.26,1.44 356.81,1.20 359.98,1.62 C361.37,1.80 362.68,2.11 364.06,2.30 C365.64,2.52 367.30,2.59 368.99,2.54 C370.68,2.49 372.39,2.34 373.96,2.60 C375.33,2.83 376.59,3.37 377.99,3.53 C379.59,3.72 381.37,3.40 382.97,3.57 C384.37,3.73 385.64,4.25 386.97,4.58 C388.31,4.90 389.72,5.02 391.08,5.27 C392.23,5.48 393.35,5.78 394.49,6.02 C395.94,6.33 397.43,6.54 398.88,6.85 C400.23,7.13 401.55,7.49 402.88,7.84 C404.20,8.20 405.53,8.54 406.87,8.86 C408.21,9.17 409.56,9.46 410.89,9.82 C413.34,10.50 415.68,11.45 418.09,12.24 C420.69,13.09 423.37,13.75 425.88,14.83 C426.96,15.29 428.00,15.83 429.07,16.29 C430.33,16.84 431.62,17.30 432.88,17.83 C435.13,18.77 437.30,19.92 439.53,20.91 C441.85,21.94 444.25,22.79 446.53,23.93 C448.45,24.89 450.29,26.05 452.13,27.18 C454.25,28.48 456.37,29.74 458.50,30.99 C460.63,32.25 462.77,33.50 464.85,34.87 C466.79,36.14 468.67,37.51 470.56,38.88 C472.34,40.18 474.12,41.47 475.88,42.80 C477.75,44.21 479.60,45.66 481.39,47.22 C482.25,47.98 483.11,48.77 483.99,49.49 C484.95,50.27 485.95,50.99 486.92,51.75 C490.32,54.46 493.27,57.87 496.48,61.03 C498.18,62.69 499.94,64.28 501.52,65.98 C503.15,67.74 504.59,69.62 506.12,71.44 C507.66,73.27 509.30,75.04 510.84,76.86 C512.36,78.67 513.79,80.53 515.19,82.41 C516.58,84.28 517.95,86.17 519.26,88.09 C520.61,90.08 521.90,92.10 523.23,94.10 C524.56,96.11 525.93,98.09 527.18,100.13 C528.35,102.05 529.42,104.03 530.50,106.00 C531.69,108.15 532.92,110.29 534.04,112.48 C535.16,114.66 536.18,116.89 537.27,119.08 C538.41,121.37 539.64,123.61 540.56,125.98 C541.02,127.16 541.41,128.37 541.87,129.55 C542.34,130.73 542.88,131.87 543.37,133.05 C544.38,135.48 545.14,138.01 545.99,140.51 C546.83,143.00 547.77,145.46 548.50,148.00 C548.88,149.32 549.21,150.65 549.60,151.96 C550.00,153.27 550.46,154.56 550.82,155.89 C551.17,157.21 551.40,158.58 551.68,159.94 C551.90,160.98 552.14,162.01 552.34,163.05 C552.60,164.41 552.80,165.80 553.09,167.15 C553.40,168.59 553.83,169.99 554.06,171.48 C554.29,172.96 554.31,174.52 554.66,175.94 C554.84,176.66 555.09,177.34 555.22,178.09 C555.33,178.72 555.35,179.41 555.39,180.07 C555.48,181.60 555.70,182.99 555.99,184.47 C556.27,185.95 556.61,187.51 556.63,189.02 C556.65,190.63 556.29,192.16 556.40,193.96 C556.50,195.75 557.07,197.80 556.23,198.82 C555.79,199.35 554.95,199.60 554.07,199.64 C553.41,199.67 552.72,199.58 552.03,199.52 C550.32,199.39 548.62,199.48 546.97,199.51 C543.65,199.57 540.48,199.40 536.95,199.54 C535.31,199.60 533.59,199.73 532.84,198.84 C532.03,197.89 532.35,195.74 532.52,193.93 C532.69,192.11 532.70,190.62 532.37,189.09 C532.15,188.07 531.78,187.02 531.61,185.94 C531.36,184.34 531.55,182.65 531.37,181.06 C531.22,179.67 530.78,178.35 530.51,176.99 C530.24,175.63 530.12,174.23 529.92,172.86 C529.69,171.38 529.36,169.93 528.99,168.50 C528.66,167.17 528.30,165.84 527.98,164.51 C527.66,163.17 527.38,161.82 527.05,160.48 C526.45,158.12 525.68,155.83 525.06,153.48 C524.70,152.15 524.40,150.81 523.93,149.52 C523.50,148.33 522.93,147.19 522.47,146.01 C521.51,143.56 521.04,140.93 519.97,138.51 C519.46,137.35 518.81,136.23 518.30,135.07 C517.78,133.91 517.39,132.71 516.92,131.53 C516.11,129.46 515.05,127.48 514.02,125.49 C512.88,123.31 511.76,121.12 510.54,118.98 C509.36,116.92 508.07,114.89 506.75,112.91 C506.09,111.91 505.42,110.92 504.80,109.89 C504.14,108.79 503.54,107.64 502.83,106.57 C501.56,104.62 499.94,102.91 498.55,101.00 C497.12,99.03 495.91,96.87 494.40,95.02 C492.92,93.23 491.16,91.74 489.74,89.59 C489.06,88.55 488.46,87.36 487.56,86.96 C486.60,86.54 485.31,87.02 484.45,87.89 C483.60,88.75 483.18,90.01 482.48,91.02 C481.95,91.79 481.26,92.41 480.57,93.05 C477.13,96.23 473.77,99.68 470.49,103.02 C467.37,106.19 464.33,109.26 460.87,112.52 C459.96,113.37 459.03,114.24 458.87,115.05 C458.75,115.67 459.07,116.26 459.72,116.78 C460.07,117.05 460.50,117.30 460.91,117.57 C463.07,119.01 464.42,120.97 465.81,122.88 C467.18,124.78 468.60,126.63 469.91,128.54 C471.13,130.34 472.26,132.19 473.36,134.04 C474.62,136.17 475.85,138.31 477.01,140.49 C478.16,142.66 479.24,144.86 480.29,147.08 C481.38,149.38 482.45,151.68 483.38,154.04 C484.34,156.49 485.17,159.00 486.01,161.50 C486.85,164.00 487.70,166.49 488.41,169.03 C488.77,170.35 489.10,171.69 489.39,173.04 C489.69,174.39 489.94,175.75 490.35,177.06 C490.75,178.36 491.31,179.61 491.39,181.04 C491.44,182.02 491.27,183.10 491.51,184.01 C491.65,184.51 491.91,184.97 492.10,185.46 C493.06,187.98 492.02,191.36 492.60,193.95 C492.76,194.65 493.04,195.29 493.23,196.09 C493.40,196.76 493.50,197.54 493.32,198.10 C492.96,199.23 491.44,199.42 490.01,199.51 C488.25,199.62 486.63,199.56 484.99,199.51 C483.36,199.46 481.71,199.42 480.03,199.44 C476.67,199.49 473.17,199.81 470.07,199.34 C469.25,199.22 468.45,199.04 468.28,198.28 C468.16,197.70 468.39,196.79 468.51,196.00 C468.76,194.41 468.58,193.27 468.34,192.07 C468.08,190.76 467.75,189.36 467.53,187.97 C467.31,186.58 467.21,185.20 466.92,183.86 C466.62,182.52 466.12,181.23 465.81,179.89 C465.48,178.44 465.36,176.93 465.02,175.49 C464.72,174.26 464.26,173.08 463.86,171.87 C463.44,170.57 463.09,169.24 462.66,167.94 C461.94,165.74 461.00,163.61 460.09,161.47 C459.10,159.13 458.16,156.77 457.06,154.48 C456.00,152.26 454.78,150.11 453.52,147.99 C452.30,145.94 451.03,143.92 449.77,141.90 C448.50,139.86 447.24,137.81 445.54,135.98 C444.71,135.07 443.76,134.21 443.78,132.89 C443.79,132.24 444.03,131.49 444.05,131.16 C444.06,131.06 444.05,131.00 444.00,130.98 C443.92,130.95 443.73,131.08 443.52,131.22 C442.09,132.25 440.17,134.29 438.46,136.05 C436.77,137.79 435.29,139.25 433.48,140.95 C432.94,141.46 432.37,142.00 432.03,142.57 C431.75,143.03 431.62,143.51 431.33,143.89 C430.79,144.56 429.71,144.87 428.92,145.45 C428.00,146.13 427.46,147.19 426.83,148.14 C426.14,149.17 425.32,150.08 424.48,150.99 C422.90,152.68 421.20,154.35 419.51,156.01 C416.14,159.34 412.81,162.65 409.50,165.99 C406.18,169.34 402.88,172.72 399.48,175.99 C397.79,177.62 396.06,179.23 394.53,181.03 C393.71,182.00 392.95,183.02 392.17,183.88 C391.54,184.58 390.91,185.17 390.29,185.83 C389.52,186.65 388.77,187.57 387.97,188.48 C387.21,189.33 386.41,190.17 385.55,191.00 C383.84,192.67 381.92,194.34 380.59,196.00 C380.22,196.46 379.89,196.91 379.89,197.46 C379.88,197.93 380.12,198.48 380.33,199.01 C380.85,200.37 381.16,201.69 381.35,203.07 C381.78,206.13 381.62,209.50 381.05,212.55 C380.79,213.92 380.46,215.23 379.96,216.48 C379.49,217.65 378.89,218.76 378.29,219.90 C377.16,222.01 376.05,224.19 374.46,226.02 C372.92,227.79 370.94,229.24 369.01,230.57 C368.02,231.26 367.04,231.91 366.01,232.50 C365.08,233.02 364.11,233.48 363.11,233.84 C361.83,234.30 360.51,234.61 359.15,234.89 C357.79,235.17 356.40,235.42 354.98,235.53 C351.94,235.76 348.79,235.34 345.98,234.43 C343.56,233.65 341.39,232.51 339.13,231.23 C337.30,230.19 335.40,229.07 334.01,227.51 C333.21,226.61 332.58,225.57 331.84,224.59 C331.16,223.67 330.38,222.80 329.75,221.88 C328.28,219.76 327.56,217.36 326.85,214.90 C326.03,212.04 325.23,209.10 325.42,206.05 C325.51,204.63 325.81,203.19 326.13,201.83 C326.40,200.68 326.67,199.59 326.99,198.50 C327.70,196.10 328.65,193.68 330.13,191.56 C330.77,190.64 331.51,189.77 332.21,188.88 C332.96,187.91 333.67,186.90 334.51,186.03 C336.18,184.30 338.40,183.09 340.54,181.99 C342.91,180.76 345.18,179.67 347.79,179.05 C350.70,178.37 354.05,178.28 356.97,178.56 C358.33,178.69 359.60,178.89 360.99,179.42 C362.38,179.95 363.89,180.80 364.93,180.34 C365.83,179.95 366.38,178.59 367.12,177.53 C367.81,176.52 368.66,175.77 369.50,174.99 C371.01,173.57 372.46,172.02 373.98,170.50 C375.66,168.81 377.42,167.15 379.03,165.50 C380.64,163.85 382.12,162.22 384.06,160.49 C385.02,159.63 386.09,158.75 386.22,157.94 C386.31,157.33 385.86,156.76 385.22,156.22 C384.88,155.94 384.49,155.67 384.09,155.42 C381.79,153.95 379.48,153.09 377.14,152.14 C374.81,151.20 372.44,150.15 369.97,149.55 C368.64,149.22 367.28,149.02 365.93,148.72 C364.59,148.42 363.26,148.03 361.88,147.79 C358.74,147.26 355.36,147.58 351.99,147.51 C350.30,147.47 348.61,147.34 347.04,147.60 C345.98,147.77 344.98,148.11 343.96,148.40 C342.64,148.77 341.30,149.06 339.96,149.37 C338.62,149.69 337.29,150.04 335.98,150.45 C333.56,151.21 331.22,152.18 328.92,153.26 C326.68,154.30 324.47,155.45 322.42,156.85 C321.43,157.53 320.48,158.26 319.51,158.98 C318.53,159.70 317.54,160.42 316.58,161.18 C312.91,164.11 309.69,167.78 306.93,171.49 C305.49,173.45 304.17,175.41 303.00,177.48 C301.90,179.43 300.94,181.48 300.09,183.54 C299.08,185.99 298.22,188.46 297.50,190.99 C297.13,192.31 296.79,193.64 296.47,194.99 C296.14,196.33 295.83,197.68 295.66,199.07 C295.26,202.26 295.61,205.64 295.52,209.02 C295.47,210.70 295.32,212.39 295.60,213.95 C295.79,215.00 296.17,216.00 296.37,217.05 C296.66,218.51 296.59,220.09 296.92,221.53 C297.20,222.77 297.79,223.90 298.24,225.09 C298.73,226.37 299.08,227.71 299.59,228.98 C300.07,230.15 300.69,231.24 301.28,232.37 C302.42,234.54 303.46,236.80 304.77,238.90 C305.88,240.67 307.18,242.33 308.47,244.01 C309.91,245.89 311.34,247.80 313.02,249.46 C314.71,251.12 316.65,252.53 318.54,253.95 C320.49,255.40 322.40,256.86 324.45,258.08 C325.48,258.70 326.54,259.25 327.61,259.78 C328.75,260.34 329.88,260.88 331.04,261.36 C333.46,262.37 336.00,263.19 338.51,263.98 C339.82,264.39 341.11,264.79 342.47,265.06 C343.93,265.35 345.46,265.48 347.00,265.53 C350.30,265.64 353.65,265.37 357.01,265.47 C358.69,265.52 360.38,265.67 361.99,265.50 C363.07,265.39 364.11,265.14 365.14,264.87 C366.47,264.52 367.77,264.14 369.11,263.82 C370.45,263.51 371.82,263.26 373.14,262.86 C375.57,262.12 377.77,260.83 380.06,259.70 C382.28,258.60 384.58,257.63 386.62,256.21 C388.52,254.89 390.19,253.17 392.04,251.55 C393.00,250.71 394.01,249.89 394.76,249.10 C395.21,248.61 395.56,248.13 396.06,247.60 C396.36,247.27 396.72,246.92 397.06,246.57 C398.83,244.76 400.24,242.95 401.55,241.03 C402.89,239.07 404.14,236.99 405.29,234.91 C406.37,232.95 407.37,230.99 408.18,228.91 C409.18,226.34 409.89,223.60 410.65,221.06 C411.03,219.79 411.42,218.56 411.48,217.04 C411.55,215.41 411.24,213.44 412.02,212.45 C412.75,211.53 414.43,211.48 415.99,211.46 C417.77,211.44 419.40,211.46 421.03,211.48 C424.29,211.53 427.55,211.59 431.07,211.44 C432.70,211.36 434.38,211.24 435.14,212.16 C435.96,213.14 435.70,215.32 435.53,217.10 C435.37,218.75 435.29,220.05 435.06,221.47 C434.83,222.89 434.46,224.43 434.11,225.89 C433.79,227.25 433.50,228.55 433.18,229.88 C432.87,231.20 432.52,232.55 432.11,233.86 C431.43,235.99 430.56,238.02 429.65,240.05 C428.60,242.36 427.51,244.68 426.29,246.93 C425.16,249.02 423.92,251.06 422.53,253.01 C421.83,253.99 421.09,254.96 420.40,255.95 C419.69,256.94 419.03,257.96 418.28,258.93 C417.02,260.54 415.50,261.99 414.01,263.49 C412.34,265.17 410.70,266.90 409.00,268.51 C407.25,270.17 405.42,271.68 403.56,273.13 C401.71,274.56 399.82,275.93 397.88,277.20 C395.99,278.45 394.04,279.61 392.05,280.67 C389.80,281.87 387.49,282.94 385.14,283.90 C382.80,284.87 380.42,285.72 378.00,286.51 C376.70,286.93 375.38,287.33 374.05,287.66 C372.72,287.99 371.38,288.24 370.01,288.51 C368.65,288.78 367.27,289.06 365.90,289.28 C364.33,289.53 362.77,289.70 361.18,289.91 C358.20,290.30 355.09,290.82 352.02,290.60 C350.49,290.49 348.97,290.19 347.48,289.97 C345.99,289.75 344.53,289.61 343.03,289.46 C341.63,289.32 340.21,289.18 338.84,288.93 C337.37,288.66 335.96,288.28 334.51,287.97 C333.17,287.68 331.79,287.44 330.48,287.04 C329.48,286.72 328.51,286.31 327.53,285.91 C325.19,284.96 322.78,284.12 320.48,283.04 C318.26,281.99 316.14,280.72 313.99,279.52 C312.95,278.94 311.91,278.38 310.92,277.72 C309.92,277.05 308.97,276.27 307.97,275.57 C306.98,274.87 305.94,274.24 304.95,273.56 C304.15,273.00 303.38,272.41 302.62,271.79 C299.11,268.91 295.72,265.37 292.50,261.96 C290.84,260.21 289.22,258.49 287.74,256.65 C286.41,254.99 285.19,253.23 284.12,251.43 C282.87,249.30 281.83,247.11 280.72,244.93 C279.56,242.66 278.32,240.40 277.32,238.06 C276.33,235.72 275.58,233.31 274.78,230.90 C274.35,229.60 273.91,228.31 273.62,226.96 C273.33,225.61 273.19,224.20 272.93,222.85 C272.64,221.39 272.20,220.00 271.93,218.53 C271.65,217.07 271.53,215.54 271.48,213.99 C271.38,210.70 271.57,207.35 271.53,203.99 C271.49,200.74 271.24,197.48 271.93,194.48 C272.12,193.65 272.38,192.84 272.57,192.01 C272.71,191.40 272.81,190.77 272.90,190.14 C273.06,189.09 273.22,188.02 273.43,186.97 C273.97,184.26 274.86,181.68 275.87,179.13 C276.80,176.77 277.83,174.45 278.86,172.13 C279.85,169.90 280.84,167.67 282.07,165.54 C282.66,164.50 283.31,163.49 283.99,162.49 C284.54,161.68 285.12,160.89 285.67,160.08 C287.03,158.09 288.27,156.03 289.77,154.11 C291.17,152.32 292.81,150.64 294.47,148.97 C296.13,147.30 297.83,145.64 299.55,144.09 C301.17,142.64 302.81,141.29 304.51,140.02 C306.45,138.57 308.45,137.24 310.48,135.96 C312.58,134.64 314.72,133.39 316.92,132.26 C319.19,131.10 321.52,130.09 323.87,129.12 C326.21,128.15 328.57,127.23 330.99,126.48 C332.30,126.07 333.62,125.72 334.98,125.44 C336.33,125.17 337.72,124.98 339.09,124.75 C340.56,124.49 342.00,124.20 343.48,123.96 C344.96,123.72 346.47,123.54 348.00,123.47 C351.28,123.32 354.66,123.63 358.02,123.53 C359.70,123.48 361.38,123.32 362.95,123.59 C364.00,123.77 365.01,124.15 366.05,124.37 C367.52,124.67 369.06,124.65 370.53,124.92 C371.89,125.17 373.17,125.66 374.48,126.06 C375.69,126.44 376.92,126.76 378.14,127.10 C379.46,127.48 380.76,127.89 382.06,128.34 C384.45,129.17 386.80,130.12 389.09,131.24 C391.31,132.33 393.47,133.59 395.58,134.86 C397.61,136.09 399.59,137.33 401.50,139.12 C402.02,139.61 402.53,140.13 403.02,140.09 C403.34,140.06 403.65,139.79 403.97,139.50 C404.80,138.75 405.69,137.88 406.53,137.02 C408.22,135.31 409.75,133.62 411.45,131.99 C412.98,130.51 414.65,129.07 416.08,127.53 C417.73,125.77 419.05,123.87 420.62,122.07 C422.13,120.32 423.87,118.66 425.45,116.97 C425.89,116.50 426.32,116.03 426.13,115.55 C426.00,115.20 425.53,114.84 425.09,114.52 C423.93,113.69 422.96,113.12 421.98,112.50 C420.01,111.26 418.02,109.80 416.01,108.46 C414.01,107.11 412.00,105.88 409.93,104.73 C407.69,103.49 405.39,102.34 403.07,101.28 C400.75,100.23 398.42,99.26 396.07,98.31 C394.02,97.47 391.95,96.64 389.87,95.85 C388.59,95.37 387.31,94.90 385.98,94.55 C384.65,94.21 383.28,93.98 381.94,93.65 C380.61,93.33 379.31,92.91 377.98,92.57 C376.64,92.23 375.28,91.97 373.92,91.72 C372.46,91.44 371.01,91.17 369.52,90.96 C368.03,90.75 366.50,90.61 364.99,90.49 C363.48,90.37 361.99,90.28 360.50,90.05 C359.33,89.87 358.16,89.61 356.97,89.47 C353.83,89.10 350.54,89.61 347.46,90.00 C345.97,90.19 344.53,90.35 343.03,90.51 C341.54,90.66 339.99,90.80 338.48,90.98 C336.97,91.15 335.51,91.36 334.04,91.59 C332.67,91.81 331.29,92.05 329.95,92.35 C327.56,92.88 325.26,93.61 322.89,94.18 C321.55,94.50 320.19,94.77 318.88,95.17 C317.57,95.57 316.31,96.10 315.05,96.63 C312.71,97.63 310.38,98.65 308.05,99.63 C306.88,100.12 305.70,100.60 304.53,101.08 C303.35,101.56 302.17,102.05 301.08,102.73 C300.07,103.36 299.13,104.17 298.10,104.76 C297.07,105.34 295.96,105.72 294.92,106.27 C293.86,106.82 292.88,107.53 291.87,108.19 C290.80,108.89 289.69,109.52 288.61,110.22 C286.66,111.47 284.80,112.93 282.94,114.39 C281.09,115.84 279.23,117.30 277.48,118.95 C275.95,120.39 274.50,121.97 273.00,123.50 C269.62,126.97 266.02,130.18 263.19,133.86 C261.76,135.72 260.53,137.70 259.23,139.63 C257.84,141.70 256.38,143.71 255.10,145.83 C253.87,147.86 252.81,149.97 251.73,152.08 C250.56,154.36 249.36,156.61 248.28,158.92 C247.19,161.22 246.23,163.57 245.30,165.93 C244.45,168.09 243.63,170.26 243.01,172.50 C242.64,173.82 242.34,175.17 242.01,176.50 C241.67,177.83 241.29,179.15 240.99,180.49 C240.66,181.94 240.43,183.42 240.13,184.87 C239.85,186.22 239.53,187.55 239.41,188.97 C239.33,189.84 239.34,190.74 239.09,191.54 C238.93,192.04 238.68,192.49 238.53,192.99 C238.10,194.49 238.64,196.42 238.62,198.07 C238.61,199.51 238.16,200.72 237.84,202.08 C237.48,203.64 237.28,205.38 237.37,207.03 C237.46,208.57 237.79,210.02 238.04,211.49 C238.28,212.97 238.43,214.47 238.51,215.99 C238.60,217.63 238.61,219.29 238.82,220.89 C239.00,222.28 239.32,223.61 239.54,224.98 C239.77,226.36 239.89,227.76 240.09,229.14 C240.31,230.63 240.62,232.08 240.97,233.51 C241.55,235.87 242.26,238.19 242.99,240.50 C243.79,243.02 244.60,245.53 245.53,247.99 C245.98,249.17 246.46,250.35 246.91,251.53 C247.37,252.71 247.80,253.91 248.30,255.08 C249.30,257.41 250.58,259.63 251.84,261.86 C252.91,263.74 253.96,265.62 255.04,267.48 C256.24,269.55 257.46,271.59 258.83,273.58 C260.21,275.56 261.74,277.49 263.23,279.40 C264.67,281.25 266.08,283.08 267.63,284.91 C268.98,286.51 270.43,288.10 271.95,289.57 C273.63,291.20 275.39,292.68 277.13,294.19 C278.94,295.75 280.74,297.34 282.56,298.88 C284.37,300.41 286.20,301.89 288.10,303.23 C290.15,304.67 292.26,305.95 294.41,307.18 C296.55,308.42 298.72,309.59 300.92,310.73 C303.09,311.86 305.29,312.94 307.50,314.01 C309.79,315.13 312.09,316.22 314.47,317.06 C316.66,317.84 318.93,318.41 321.12,319.16 C322.41,319.61 323.68,320.12 325.01,320.47 C326.34,320.81 327.73,320.99 329.08,321.28 C330.43,321.57 331.73,321.97 333.11,322.19 C334.69,322.43 336.37,322.43 337.94,322.68 C339.32,322.89 340.61,323.28 342.00,323.46 C343.59,323.67 345.31,323.59 347.00,323.54 C350.38,323.43 353.64,323.42 356.98,323.49 C360.33,323.56 363.76,323.72 366.93,323.28 C368.31,323.09 369.64,322.79 371.02,322.59 C372.50,322.37 374.04,322.27 375.52,322.05 C377.00,321.82 378.43,321.46 379.87,321.13 C381.20,320.81 382.55,320.51 383.88,320.15 C386.12,319.54 388.31,318.77 390.50,318.01 C392.99,317.15 395.49,316.31 397.95,315.37 C400.32,314.46 402.66,313.47 404.92,312.28 C407.01,311.19 409.04,309.93 411.09,308.73 C413.22,307.48 415.39,306.30 417.46,304.93 C419.40,303.66 421.26,302.23 423.12,300.80 C424.99,299.35 426.86,297.90 428.51,296.04 C428.99,295.50 429.44,294.94 430.04,294.62 C430.52,294.37 431.09,294.27 431.51,293.99 C432.46,293.37 432.65,291.82 433.43,290.90 C434.21,289.98 435.58,289.68 436.47,288.93 C437.20,288.32 437.60,287.42 438.15,286.59 C439.40,284.68 441.39,283.19 442.98,281.49 C444.62,279.74 445.84,277.78 447.15,275.86 C448.52,273.87 449.98,271.93 451.29,269.93 C452.54,268.03 453.65,266.07 454.71,264.08 C455.87,261.91 456.97,259.72 458.02,257.51 C459.11,255.20 460.16,252.89 461.12,250.54 C462.12,248.11 463.05,245.64 463.84,243.12 C464.57,240.81 465.19,238.46 465.74,236.09 C466.05,234.75 466.34,233.40 466.61,232.04 C466.89,230.68 467.14,229.31 467.43,227.97 C467.71,226.62 468.02,225.30 468.19,223.90 C468.37,222.29 468.36,220.56 468.51,218.99 C468.64,217.61 468.90,216.35 469.07,214.84 C469.19,213.81 469.27,212.65 469.81,212.10 C470.10,211.79 470.53,211.67 471.00,211.58 C472.45,211.32 474.33,211.41 476.04,211.48 C477.76,211.54 479.31,211.59 480.96,211.56 C484.25,211.51 487.89,211.17 490.95,211.67 C491.75,211.80 492.52,212.00 492.70,212.73 C492.83,213.29 492.62,214.15 492.51,214.94 C492.23,216.91 492.55,218.39 492.59,219.99 C492.64,221.59 492.41,223.31 492.14,224.91 C491.91,226.29 491.64,227.59 491.41,228.95 C491.18,230.31 491.01,231.73 490.72,233.09 C490.49,234.24 490.18,235.34 489.96,236.48 C489.68,237.94 489.56,239.46 489.18,240.89 C488.86,242.12 488.36,243.28 487.99,244.50 C487.60,245.81 487.36,247.18 487.00,248.50 C486.67,249.73 486.24,250.92 485.82,252.11 C484.94,254.60 484.11,257.10 483.14,259.55 C482.28,261.71 481.32,263.83 480.30,265.93 C479.23,268.13 478.11,270.32 477.01,272.51 C475.90,274.70 474.82,276.90 473.53,279.01 C472.27,281.05 470.82,283.00 469.48,284.99 C468.26,286.80 467.13,288.63 465.82,290.40 C464.42,292.29 462.81,294.10 461.33,295.93 C459.84,297.76 458.48,299.62 456.93,301.43 C453.93,304.94 450.21,308.29 446.97,311.26 C446.36,311.82 445.76,312.36 445.18,312.85 C444.81,313.15 444.45,313.43 444.07,313.73 C443.26,314.38 442.36,315.16 441.47,315.91 C439.61,317.48 437.80,318.94 435.94,320.36 C434.01,321.83 432.03,323.24 430.02,324.55 C428.20,325.74 426.34,326.86 424.48,327.95 C422.35,329.21 420.20,330.44 418.04,331.63 C415.89,332.82 413.72,333.97 411.50,335.01 C409.20,336.09 406.85,337.05 404.47,337.93 C402.30,338.73 400.09,339.46 397.90,340.20 C395.30,341.08 392.72,341.98 390.10,342.78 C388.79,343.18 387.47,343.55 386.13,343.87 C384.80,344.20 383.44,344.48 382.08,344.71 C380.71,344.95 379.33,345.15 377.97,345.40 C376.61,345.66 375.27,345.98 373.88,346.17 C372.29,346.38 370.64,346.42 369.04,346.62 C367.97,346.75 366.92,346.95 365.86,347.11 Z M253.92,91.13 C253.24,91.19 252.59,91.06 251.91,90.88 C251.33,90.72 250.74,90.52 250.14,90.28 C249.00,89.84 247.82,89.26 246.92,88.48 C244.90,86.71 244.36,83.85 244.36,81.00 C244.36,78.15 244.89,75.29 246.92,73.52 C247.82,72.74 249.02,72.17 250.14,71.71 C251.44,71.19 252.65,70.82 253.92,70.90 C254.61,70.94 255.32,71.11 256.04,71.28 C256.65,71.43 257.26,71.58 257.85,71.84 C258.87,72.29 259.80,73.05 260.60,73.90 C262.47,75.88 263.66,78.33 263.65,80.95 C263.64,82.35 263.29,83.80 262.86,85.17 C262.45,86.45 261.98,87.65 261.07,88.52 C260.24,89.32 259.05,89.85 257.87,90.21 C256.93,90.49 255.99,90.68 255.10,90.89 C254.70,90.99 254.30,91.09 253.92,91.13 Z M257.34,80.87 C258.02,79.99 257.66,78.35 256.76,77.77 C255.93,77.24 254.64,77.64 254.00,78.49 C253.37,79.32 253.38,80.58 254.13,81.19 C254.95,81.87 256.66,81.76 257.34,80.87 Z M442.86,185.33 C440.03,185.84 437.04,184.74 434.91,182.87 C433.97,182.05 433.20,181.08 432.60,179.95 C431.95,178.73 431.52,177.33 431.40,175.94 C431.17,173.25 432.13,170.60 433.91,168.43 C435.50,166.48 437.76,164.92 440.11,164.53 C442.95,164.05 445.92,165.28 448.09,167.38 C449.95,169.18 451.21,171.62 451.48,174.10 C451.77,176.77 450.91,179.48 449.11,181.57 C448.35,182.45 447.44,183.21 446.45,183.84 C445.32,184.56 444.10,185.10 442.86,185.33 Z M444.39,177.03 C445.37,176.26 445.59,174.39 444.88,173.38 C444.17,172.37 442.50,172.24 441.52,173.02 C440.53,173.79 440.23,175.47 440.95,176.48 C441.67,177.47 443.41,177.80 444.39,177.03 Z M288.87,289.09 C287.10,289.84 284.93,289.83 282.98,289.55 C281.57,289.34 280.26,288.99 279.10,288.28 C277.10,287.06 275.54,284.78 274.94,282.45 C274.26,279.86 274.80,277.23 276.15,274.88 C277.37,272.77 279.26,270.89 281.52,269.98 C284.42,268.82 287.93,269.25 290.50,271.07 C292.50,272.49 293.94,274.75 294.63,276.99 C295.00,278.18 295.16,279.36 295.00,280.54 C294.84,281.72 294.36,282.89 293.74,284.05 C292.61,286.15 291.03,288.18 288.87,289.09 Z" fill="url(#light)"/>
<path d="M529.90,560.07 C526.16,560.88 521.91,560.79 517.97,560.47 C514.45,560.18 511.18,559.71 508.03,558.57 C502.75,556.66 497.81,552.90 494.21,548.39 C490.36,543.56 488.04,537.89 486.98,531.79 C485.78,524.90 486.19,517.47 488.41,510.94 C490.28,505.45 493.43,500.59 497.85,496.49 C500.02,494.47 502.50,492.64 505.03,491.33 C507.86,489.86 510.76,489.04 513.90,488.38 C517.44,487.64 521.29,487.10 524.95,487.49 C528.19,487.84 531.27,488.92 534.12,490.24 C535.45,490.86 536.73,491.53 538.03,492.27 C538.69,492.65 539.36,493.04 540.03,493.60 C540.63,494.10 541.23,494.74 541.65,494.90 C542.65,495.29 542.57,492.97 542.53,491.01 C542.49,489.13 542.50,487.60 542.50,486.00 C542.50,482.15 542.48,477.89 542.51,473.97 C542.52,472.02 542.55,470.15 542.46,468.01 C542.37,466.00 542.18,463.76 543.24,462.86 C544.36,461.91 546.88,462.49 549.07,462.58 C551.26,462.68 553.11,462.30 554.89,462.46 C555.78,462.54 556.66,462.76 557.85,462.64 C559.03,462.53 560.53,462.08 561.52,462.14 C563.37,462.25 563.39,464.12 563.42,466.00 C563.61,481.64 563.49,497.35 563.48,513.00 C563.48,521.00 563.51,528.97 563.52,537.01 C563.52,541.02 563.52,545.05 563.47,548.97 C563.44,550.93 563.40,552.85 563.57,555.07 C563.66,556.18 563.80,557.36 563.53,558.12 C563.30,558.79 562.75,559.14 562.03,559.35 C560.40,559.85 557.89,559.69 555.87,559.53 C553.84,559.37 552.30,559.20 550.14,559.43 C547.99,559.66 545.23,560.30 544.17,559.17 C543.18,558.12 543.69,555.50 543.40,553.98 C543.28,553.40 543.05,552.97 542.63,553.07 C542.21,553.16 541.61,553.76 541.02,554.30 C539.80,555.41 538.63,556.24 537.42,556.98 C535.08,558.41 532.63,559.48 529.90,560.07 Z M396.80,559.26 C396.38,559.79 394.52,559.44 392.97,559.43 C391.82,559.41 390.84,559.59 389.88,559.63 C387.66,559.74 385.55,559.15 383.11,559.29 C380.67,559.42 377.90,560.27 375.85,559.75 C374.17,559.31 372.97,557.95 371.83,556.54 C367.80,551.56 364.44,545.98 360.95,540.47 C360.05,539.06 359.15,537.66 358.15,536.39 C357.05,534.98 355.84,533.74 354.13,533.34 C352.05,532.84 349.25,533.58 346.88,533.69 C344.86,533.77 343.16,533.39 341.03,533.33 C339.73,533.29 338.28,533.38 337.72,534.15 C337.26,534.79 337.39,535.90 337.47,536.96 C337.64,539.44 337.48,541.66 337.45,543.97 C337.39,548.26 337.81,552.83 337.43,556.99 C337.32,558.16 337.15,559.29 336.22,559.63 C335.46,559.92 334.19,559.66 333.04,559.53 C330.36,559.22 328.36,559.58 326.06,559.56 C324.75,559.55 323.35,559.42 321.98,559.45 C320.96,559.47 319.97,559.58 318.94,559.61 C317.69,559.64 316.41,559.53 315.84,558.79 C315.37,558.19 315.39,557.15 315.40,556.12 C315.55,546.86 315.54,538.00 315.51,529.02 C315.49,520.04 315.45,510.95 315.49,501.98 C315.53,493.01 315.65,484.16 315.37,474.89 C315.30,472.49 315.20,470.06 316.04,468.39 C316.24,468.00 316.50,467.65 316.91,467.47 C317.41,467.25 318.15,467.28 318.86,467.33 C319.94,467.40 320.97,467.49 321.99,467.53 C324.37,467.63 326.70,467.46 329.02,467.43 C331.34,467.40 333.64,467.51 335.97,467.56 C344.94,467.73 354.20,466.96 362.90,467.76 C364.95,467.95 366.97,468.23 368.93,468.69 C370.69,469.11 372.41,469.68 374.09,470.31 C377.18,471.45 380.13,472.75 382.89,474.73 C385.56,476.64 388.05,479.18 389.85,481.89 C391.71,484.70 392.84,487.69 393.81,490.86 C394.37,492.69 394.88,494.57 395.13,496.49 C395.41,498.62 395.39,500.79 395.23,502.92 C394.95,506.79 394.25,510.54 392.75,514.06 C390.26,519.90 385.59,525.09 379.85,528.34 C378.99,528.83 378.10,529.28 377.96,529.99 C377.86,530.52 378.20,531.21 378.62,531.87 C379.13,532.65 379.75,533.38 380.28,534.11 C380.74,534.74 381.13,535.37 381.53,536.01 C383.20,538.64 384.96,541.27 386.82,543.87 C388.75,546.58 390.77,549.25 392.52,551.98 C393.40,553.33 394.20,554.71 395.25,556.12 C395.74,556.78 396.28,557.45 396.61,558.06 C396.87,558.55 397.01,559.01 396.80,559.26 Z M359.44,516.11 C363.66,515.34 367.87,513.34 370.41,510.03 C373.17,506.44 373.96,501.31 373.02,496.78 C372.53,494.45 371.58,492.27 370.00,490.53 C368.70,489.09 366.97,487.95 365.14,487.16 C360.79,485.27 355.93,485.39 351.04,485.48 C348.05,485.53 345.06,485.57 341.89,485.43 C340.48,485.36 339.04,485.26 338.26,485.89 C337.55,486.46 337.39,487.63 337.36,488.86 C337.32,490.56 337.51,492.37 337.56,494.06 C337.59,495.41 337.53,496.68 337.50,497.99 C337.43,500.61 337.50,503.40 337.53,506.00 C337.55,507.63 337.56,509.18 337.44,511.00 C337.35,512.46 337.17,514.10 337.57,515.10 C338.34,517.02 341.20,516.64 343.92,516.50 C349.50,516.23 354.48,517.02 359.44,516.11 Z M440.89,560.09 C436.84,560.92 432.26,560.67 427.99,560.37 C426.24,560.25 424.53,560.12 422.92,559.74 C421.39,559.39 419.94,558.81 418.51,558.11 C415.75,556.75 413.04,554.90 410.91,552.59 C408.88,550.39 407.39,547.76 406.49,544.97 C405.88,543.05 405.54,541.04 405.55,539.01 C405.56,537.30 405.80,535.57 406.24,533.92 C407.02,530.98 408.41,528.29 410.45,525.97 C412.31,523.84 414.71,522.01 417.19,520.86 C418.72,520.15 420.28,519.70 421.88,519.24 C423.48,518.78 425.13,518.31 426.82,518.01 C430.72,517.32 434.90,517.52 438.99,517.49 C440.98,517.48 442.94,517.41 444.99,517.48 C447.03,517.55 449.15,517.77 451.02,517.42 C451.53,517.33 452.02,517.19 452.26,516.87 C452.54,516.48 452.45,515.81 452.31,515.18 C452.14,514.43 451.90,513.74 451.62,513.03 C451.07,511.60 450.38,510.09 449.44,508.91 C447.61,506.60 444.83,505.47 441.88,504.87 C437.82,504.05 433.44,504.22 429.48,505.01 C426.44,505.62 423.65,506.59 420.91,508.26 C419.59,509.06 418.27,510.03 416.91,510.16 C416.22,510.23 415.52,510.08 415.03,509.59 C414.56,509.11 414.29,508.29 413.99,507.53 C413.38,506.03 412.63,504.81 411.98,503.51 C411.34,502.22 410.80,500.85 409.97,499.48 C409.44,498.60 408.79,497.72 408.95,496.99 C409.05,496.50 409.52,496.08 410.03,495.70 C411.22,494.79 412.60,494.06 413.98,493.39 C416.78,492.03 419.55,490.94 422.50,490.05 C424.32,489.49 426.22,489.02 428.07,488.62 C429.72,488.27 431.34,487.99 433.05,487.78 C436.87,487.30 441.13,487.16 444.98,487.64 C447.02,487.90 448.94,488.32 450.89,488.78 C452.43,489.14 453.98,489.52 455.47,490.07 C458.20,491.06 460.73,492.62 463.08,494.35 C464.22,495.19 465.32,496.07 466.24,497.12 C467.23,498.25 468.02,499.58 468.79,500.89 C469.55,502.20 470.30,503.50 470.86,504.87 C471.42,506.23 471.80,507.66 472.13,509.12 C472.97,512.94 473.40,516.93 473.53,521.00 C473.66,524.95 473.50,528.97 473.46,532.99 C473.38,541.36 473.77,549.71 473.35,557.95 C473.33,558.50 473.30,559.04 473.00,559.33 C472.63,559.68 471.88,559.65 471.14,559.62 C470.04,559.58 469.00,559.53 467.98,559.50 C465.94,559.44 464.00,559.47 462.02,559.50 C460.04,559.53 458.00,559.56 455.94,559.51 C455.03,559.49 454.12,559.45 453.71,558.95 C453.23,558.39 453.41,557.24 453.51,555.99 C453.62,554.73 453.66,553.36 453.25,553.09 C452.98,552.92 452.53,553.19 452.07,553.53 C451.06,554.28 449.99,555.36 448.90,556.27 C447.66,557.30 446.41,558.10 445.07,558.73 C443.75,559.35 442.36,559.79 440.89,560.09 Z M611.88,560.15 C607.84,560.98 603.28,560.37 598.98,560.45 C597.99,560.47 597.01,560.53 596.09,560.30 C595.38,560.12 594.70,559.77 594.01,559.49 C592.52,558.88 590.97,558.58 589.50,558.02 C586.66,556.95 584.11,554.95 582.01,552.53 C581.03,551.41 580.16,550.21 579.45,548.99 C578.70,547.70 578.15,546.40 577.82,544.94 C577.33,542.78 577.33,540.26 577.42,537.94 C577.50,536.06 577.63,534.30 578.09,532.57 C578.83,529.78 580.41,527.04 582.54,525.01 C584.67,522.97 587.34,521.64 589.98,520.42 C591.33,519.80 592.67,519.21 594.14,518.91 C595.07,518.71 596.05,518.64 596.99,518.47 C597.83,518.32 598.64,518.10 599.47,517.93 C603.41,517.13 607.81,517.59 612.01,517.53 C614.00,517.50 615.94,517.36 617.99,517.50 C619.02,517.57 620.07,517.71 621.07,517.62 C621.96,517.55 622.80,517.29 623.25,516.77 C624.16,515.71 623.45,513.55 622.74,511.83 C622.10,510.31 621.45,509.14 620.43,508.15 C619.47,507.22 618.18,506.45 616.85,505.90 C615.26,505.23 613.62,504.88 611.92,504.67 C607.99,504.19 603.73,504.42 599.86,505.23 C598.18,505.58 596.58,506.03 595.07,506.67 C593.74,507.22 592.48,507.91 591.10,508.74 C589.73,509.56 588.22,510.52 587.07,510.16 C585.98,509.82 585.19,508.32 584.63,506.94 C583.98,505.37 583.62,503.97 582.88,502.60 C582.22,501.38 581.27,500.19 580.57,498.92 C580.11,498.08 579.77,497.21 580.10,496.55 C580.38,496.00 581.11,495.60 581.82,495.19 C583.11,494.44 584.28,493.65 585.51,492.99 C588.20,491.54 591.16,490.67 594.13,489.87 C596.07,489.35 598.01,488.85 599.98,488.44 C601.64,488.09 603.31,487.81 605.04,487.63 C608.91,487.23 613.06,487.35 616.94,487.76 C618.99,487.98 620.98,488.28 622.88,488.82 C624.29,489.23 625.65,489.77 627.03,490.34 C629.79,491.51 632.59,492.82 634.94,494.73 C637.09,496.47 638.88,498.71 640.27,501.08 C641.89,503.85 642.98,506.81 643.62,509.95 C644.41,513.79 644.54,517.89 644.56,522.00 C644.57,525.98 644.47,529.98 644.46,533.99 C644.43,542.01 644.77,550.10 644.33,557.93 C644.30,558.46 644.26,559.00 643.98,559.29 C643.64,559.65 642.93,559.66 642.21,559.65 C641.12,559.64 639.98,559.58 638.94,559.53 C636.84,559.43 635.11,559.37 633.08,559.47 C631.04,559.57 628.71,559.83 626.99,559.41 C626.23,559.22 625.58,558.90 625.40,558.19 C625.20,557.37 625.59,556.05 625.60,554.86 C625.61,553.81 625.32,552.87 624.87,552.71 C624.59,552.61 624.25,552.81 623.92,553.15 C623.72,553.36 623.52,553.62 623.31,553.87 C622.38,554.96 621.22,555.78 620.02,556.55 C617.49,558.18 614.82,559.55 611.88,560.15 Z M682.54,559.13 C681.34,560.17 677.59,559.38 674.81,559.38 C673.42,559.39 672.28,559.59 671.06,559.58 C669.84,559.57 668.55,559.35 667.05,559.43 C665.55,559.52 663.83,559.90 662.89,559.35 C662.18,558.93 661.92,557.95 661.74,556.96 C661.28,554.37 661.37,551.69 661.43,549.02 C661.67,538.31 661.43,527.66 661.48,517.01 C661.49,514.35 661.53,511.68 661.52,509.00 C661.52,506.32 661.48,503.61 661.49,500.99 C661.49,498.36 661.54,495.81 661.47,492.95 C661.43,491.63 661.37,490.25 662.01,489.47 C662.59,488.76 663.76,488.55 664.95,488.46 C666.36,488.34 667.80,488.38 669.08,488.46 C670.37,488.54 671.50,488.67 672.85,488.63 C675.55,488.54 679.10,487.78 680.70,488.94 C681.43,489.47 681.76,490.40 681.70,491.77 C681.65,493.27 681.14,495.30 681.43,496.22 C681.65,496.90 682.29,496.98 682.96,496.57 C683.45,496.27 683.95,495.70 684.47,495.18 C687.55,492.08 691.27,490.38 694.88,489.22 C696.81,488.60 698.71,488.13 701.11,487.62 C702.53,487.32 704.14,487.01 705.10,487.43 C705.98,487.81 706.32,488.81 706.50,489.94 C706.88,492.41 706.47,495.51 706.40,498.06 C706.36,499.34 706.41,500.48 706.54,501.93 C706.68,503.38 706.90,505.14 706.23,505.92 C705.63,506.63 704.28,506.53 703.02,506.50 C701.63,506.47 700.33,506.51 699.06,506.66 C696.92,506.91 694.86,507.47 692.94,508.35 C691.18,509.15 689.54,510.24 688.09,511.59 C686.71,512.88 685.50,514.41 684.77,516.10 C683.86,518.23 683.72,520.62 683.36,522.95 C683.19,524.01 682.98,525.06 682.83,526.12 C682.65,527.39 682.57,528.69 682.52,530.00 C682.32,535.25 682.63,540.74 682.53,546.01 C682.47,548.64 682.32,551.22 682.52,554.03 C682.61,555.44 682.80,556.91 682.85,557.98 C682.86,558.33 682.87,558.64 682.75,558.87 C682.70,558.97 682.63,559.05 682.54,559.13 Z M527.50,543.03 C530.07,542.57 532.69,541.79 534.93,540.27 C536.62,539.12 538.09,537.55 539.23,535.89 C540.57,533.93 541.46,531.85 542.00,529.53 C542.63,526.82 542.77,523.78 542.45,521.01 C542.16,518.55 541.50,516.29 540.37,514.07 C539.41,512.18 538.11,510.31 536.53,508.94 C534.82,507.46 532.79,506.57 530.54,506.00 C527.81,505.31 524.75,505.09 522.00,505.52 C519.44,505.92 517.14,506.89 515.02,508.50 C513.36,509.77 511.80,511.45 510.57,513.08 C509.85,514.05 509.24,515.00 508.79,516.07 C508.36,517.12 508.08,518.28 507.88,519.46 C507.41,522.24 507.39,525.15 507.80,527.88 C508.16,530.21 508.83,532.42 509.95,534.51 C510.96,536.38 512.32,538.15 513.97,539.48 C515.75,540.92 517.87,541.85 520.07,542.38 C521.00,542.60 521.95,542.76 522.87,542.96 C523.29,543.05 523.71,543.15 524.13,543.21 C525.25,543.38 526.37,543.23 527.50,543.03 Z M441.55,546.04 C442.37,545.82 443.13,545.53 443.90,545.23 C444.57,544.96 445.26,544.69 445.91,544.30 C446.87,543.72 447.75,542.90 448.55,542.04 C449.58,540.94 450.49,539.79 451.02,538.52 C451.34,537.76 451.52,536.97 451.82,536.14 C451.97,535.72 452.15,535.30 452.29,534.86 C452.86,533.03 452.72,530.94 451.14,530.45 C450.30,530.19 449.05,530.38 448.08,530.21 C447.64,530.14 447.26,529.99 446.86,529.87 C445.38,529.42 443.67,529.34 442.00,529.42 C441.00,529.46 440.02,529.57 439.11,529.83 C438.70,529.94 438.30,530.09 437.89,530.20 C436.97,530.43 435.95,530.46 435.00,530.54 C434.15,530.61 433.36,530.72 432.52,530.92 C431.26,531.23 429.92,531.74 428.90,532.51 C427.76,533.37 427.01,534.54 426.59,535.98 C426.13,537.58 426.06,539.52 426.54,541.05 C426.97,542.42 427.84,543.46 428.98,544.29 C430.02,545.04 431.28,545.61 432.53,545.99 C433.99,546.43 435.43,546.60 436.97,546.60 C438.50,546.60 440.12,546.43 441.55,546.04 Z M613.54,546.08 C614.36,545.86 615.12,545.55 615.87,545.16 C616.45,544.86 617.02,544.53 617.59,544.17 C618.61,543.54 619.61,542.86 620.46,541.98 C620.99,541.43 621.46,540.80 621.89,540.16 C622.14,539.79 622.37,539.42 622.57,539.04 C623.21,537.84 623.51,536.56 623.66,535.02 C623.76,533.96 623.79,532.78 623.49,531.93 C623.33,531.47 623.07,531.11 622.72,530.86 C622.50,530.71 622.25,530.60 621.98,530.52 C620.63,530.11 618.79,530.43 617.03,530.55 C613.51,530.78 610.30,530.21 607.05,530.45 C605.30,530.57 603.55,530.92 601.98,531.59 C600.88,532.05 599.87,532.67 599.11,533.54 C597.33,535.58 596.86,539.04 597.94,541.55 C598.53,542.92 599.59,544.00 600.85,544.81 C601.84,545.45 602.95,545.91 604.11,546.19 C605.68,546.56 607.33,546.59 608.99,546.56 C610.55,546.54 612.12,546.46 613.54,546.08 Z" fill="url(#navy)"/></g>
</svg>